seed,step,window_steps,group_relative_contribution,surplus,gini,success,acceptance_rate,experiment,game,treatment,steps,burn_in,thin,rounds,levels,beta,gamma,selection,initial,signal,diagnostic_every
2026090700,250,250,0.631466666667,1.38922666667,0.0425827919347,,0.096,minimum_signal,linear,FE,6000,2000,100,20,13,0,14,1,random,minimum,250
2026090701,250,250,0.611960416667,1.34631291667,0.0426163034983,,0.232,minimum_signal,linear,FE,6000,2000,100,20,13,0,14,1,random,minimum,250
2026090702,250,250,0.564389583333,1.24165708333,0.0525092231026,,0.296,minimum_signal,linear,FE,6000,2000,100,20,13,0,14,1,random,minimum,250
2026090703,250,250,0.754920833333,1.66082583333,0.0325060660111,,0.028,minimum_signal,linear,FE,6000,2000,100,20,13,0,14,1,random,minimum,250
2026090704,250,250,0.550504166667,1.21110916667,0.0497551936478,,0.268,minimum_signal,linear,FE,6000,2000,100,20,13,0,14,1,random,minimum,250
2026090705,250,250,0.5847625,1.2864775,0.0500391004742,,0.2,minimum_signal,linear,FE,6000,2000,100,20,13,0,14,1,random,minimum,250
2026090706,250,250,0.53889375,1.18556625,0.0585962875553,,0.308,minimum_signal,linear,FE,6000,2000,100,20,13,0,14,1,random,minimum,250
2026090707,250,250,0.560620833333,1.23336583333,0.0545617141576,,0.312,minimum_signal,linear,FE,6000,2000,100,20,13,0,14,1,random,minimum,250
2026090708,250,250,0.67603125,1.48726875,0.0399980404624,,0.144,minimum_signal,linear,FE,6000,2000,100,20,13,0,14,1,random,minimum,250
2026090709,250,250,0.521364583333,1.14700208333,0.0575291444824,,0.408,minimum_signal,linear,FE,6000,2000,100,20,13,0,14,1,random,minimum,250
2026090710,250,250,0.548914583333,1.20761208333,0.0527320513287,,0.288,minimum_signal,linear,FE,6000,2000,100,20,13,0,14,1,random,minimum,250
2026090711,250,250,0.542564583333,1.19364208333,0.0557778502058,,0.332,minimum_signal,linear,FE,6000,2000,100,20,13,0,14,1,random,minimum,250
2026090712,250,250,0.561066666667,1.23434666667,0.047795484175,,0.156,minimum_signal,linear,FE,6000,2000,100,20,13,0,14,1,random,minimum,250
2026090713,250,250,0.5952875,1.3096325,0.0542949461942,,0.216,minimum_signal,linear,FE,6000,2000,100,20,13,0,14,1,random,minimum,250
2026090714,250,250,0.545004166667,1.19900916667,0.0591293161318,,0.388,minimum_signal,linear,FE,6000,2000,100,20,13,0,14,1,random,minimum,250
2026090715,250,250,0.648970833333,1.42773583333,0.0305896497908,,0.128,minimum_signal,linear,FE,6000,2000,100,20,13,0,14,1,random,minimum,250
2026090700,500,250,0.624485416667,1.37386791667,0.0404261302035,,0.146,minimum_signal,linear,FE,6000,2000,100,20,13,0,14,1,random,minimum,250
2026090701,500,250,0.703654166667,1.54803916667,0.034223279354,,0.182,minimum_signal,linear,FE,6000,2000,100,20,13,0,14,1,random,minimum,250
2026090702,500,250,0.56111875,1.23446125,0.0516005006596,,0.272,minimum_signal,linear,FE,6000,2000,100,20,13,0,14,1,random,minimum,250
2026090703,500,250,0.594725,1.308395,0.0444729693342,,0.072,minimum_signal,linear,FE,6000,2000,100,20,13,0,14,1,random,minimum,250
2026090704,500,250,0.534772916667,1.17650041667,0.056670712884,,0.312,minimum_signal,linear,FE,6000,2000,100,20,13,0,14,1,random,minimum,250
2026090705,500,250,0.605422916667,1.33193041667,0.0448038129814,,0.136,minimum_signal,linear,FE,6000,2000,100,20,13,0,14,1,random,minimum,250
2026090706,500,250,0.550504166667,1.21110916667,0.0551655091394,,0.304,minimum_signal,linear,FE,6000,2000,100,20,13,0,14,1,random,minimum,250
2026090707,500,250,0.561404166667,1.23508916667,0.0555847207721,,0.278,minimum_signal,linear,FE,6000,2000,100,20,13,0,14,1,random,minimum,250
2026090708,500,250,0.70416875,1.54917125,0.0351217639207,,0.096,minimum_signal,linear,FE,6000,2000,100,20,13,0,14,1,random,minimum,250
2026090709,500,250,0.542966666667,1.19452666667,0.0548288619517,,0.352,minimum_signal,linear,FE,6000,2000,100,20,13,0,14,1,random,minimum,250
2026090710,500,250,0.51850625,1.14071375,0.0603715737783,,0.322,minimum_signal,linear,FE,6000,2000,100,20,13,0,14,1,random,minimum,250
2026090711,500,250,0.574072916667,1.26296041667,0.053516928649,,0.294,minimum_signal,linear,FE,6000,2000,100,20,13,0,14,1,random,minimum,250
2026090712,500,250,0.551525,1.213355,0.0514480237467,,0.224,minimum_signal,linear,FE,6000,2000,100,20,13,0,14,1,random,minimum,250
2026090713,500,250,0.843391666667,1.85546166667,0.0203902161402,,0.114,minimum_signal,linear,FE,6000,2000,100,20,13,0,14,1,random,minimum,250
2026090714,500,250,0.582560416667,1.28163291667,0.0553081228204,,0.336,minimum_signal,linear,FE,6000,2000,100,20,13,0,14,1,random,minimum,250
2026090715,500,250,0.657960416667,1.44751291667,0.0413709743894,,0.144,minimum_signal,linear,FE,6000,2000,100,20,13,0,14,1,random,minimum,250
2026090700,750,250,0.58049375,1.27708625,0.0550368300308,,0.169333333333,minimum_signal,linear,FE,6000,2000,100,20,13,0,14,1,random,minimum,250
2026090701,750,250,0.619689583333,1.36331708333,0.0449343347981,,0.225333333333,minimum_signal,linear,FE,6000,2000,100,20,13,0,14,1,random,minimum,250
2026090702,750,250,0.643902083333,1.41658458333,0.0432805826471,,0.256,minimum_signal,linear,FE,6000,2000,100,20,13,0,14,1,random,minimum,250
2026090703,750,250,0.544795833333,1.19855083333,0.0539006253123,,0.169333333333,minimum_signal,linear,FE,6000,2000,100,20,13,0,14,1,random,minimum,250
2026090704,750,250,0.515377083333,1.13382958333,0.062612196529,,0.332,minimum_signal,linear,FE,6000,2000,100,20,13,0,14,1,random,minimum,250
2026090705,750,250,0.574545833333,1.26400083333,0.0539892688168,,0.170666666667,minimum_signal,linear,FE,6000,2000,100,20,13,0,14,1,random,minimum,250
2026090706,750,250,0.504733333333,1.11041333333,0.0570977553186,,0.316,minimum_signal,linear,FE,6000,2000,100,20,13,0,14,1,random,minimum,250
2026090707,750,250,0.622533333333,1.36957333333,0.0522185664595,,0.268,minimum_signal,linear,FE,6000,2000,100,20,13,0,14,1,random,minimum,250
2026090708,750,250,0.579366666667,1.27460666667,0.0465307760447,,0.125333333333,minimum_signal,linear,FE,6000,2000,100,20,13,0,14,1,random,minimum,250
2026090709,750,250,0.566541666667,1.24639166667,0.0545558085745,,0.322666666667,minimum_signal,linear,FE,6000,2000,100,20,13,0,14,1,random,minimum,250
2026090710,750,250,0.686595833333,1.51051083333,0.0404231905068,,0.248,minimum_signal,linear,FE,6000,2000,100,20,13,0,14,1,random,minimum,250
2026090711,750,250,0.543841666667,1.19645166667,0.0591716270456,,0.302666666667,minimum_signal,linear,FE,6000,2000,100,20,13,0,14,1,random,minimum,250
2026090712,750,250,0.569202083333,1.25224458333,0.0451942632065,,0.198666666667,minimum_signal,linear,FE,6000,2000,100,20,13,0,14,1,random,minimum,250
2026090713,750,250,0.822395833333,1.80927083333,0.0146702622294,,0.076,minimum_signal,linear,FE,6000,2000,100,20,13,0,14,1,random,minimum,250
2026090714,750,250,0.535714583333,1.17857208333,0.0617474885927,,0.344,minimum_signal,linear,FE,6000,2000,100,20,13,0,14,1,random,minimum,250
2026090715,750,250,0.605945833333,1.33308083333,0.0474127285813,,0.173333333333,minimum_signal,linear,FE,6000,2000,100,20,13,0,14,1,random,minimum,250
2026090700,1000,250,0.527272916667,1.16000041667,0.0573676218212,,0.205,minimum_signal,linear,FE,6000,2000,100,20,13,0,14,1,random,minimum,250
2026090701,1000,250,0.51030625,1.12267375,0.0616549578962,,0.291,minimum_signal,linear,FE,6000,2000,100,20,13,0,14,1,random,minimum,250
2026090702,1000,250,0.54811875,1.20586125,0.0518724633896,,0.273,minimum_signal,linear,FE,6000,2000,100,20,13,0,14,1,random,minimum,250
2026090703,1000,250,0.575260416667,1.26557291667,0.0453474518152,,0.174,minimum_signal,linear,FE,6000,2000,100,20,13,0,14,1,random,minimum,250
2026090704,1000,250,0.55148125,1.21325875,0.0581141103911,,0.303,minimum_signal,linear,FE,6000,2000,100,20,13,0,14,1,random,minimum,250
2026090705,1000,250,0.528260416667,1.16217291667,0.05831890546,,0.216,minimum_signal,linear,FE,6000,2000,100,20,13,0,14,1,random,minimum,250
2026090706,1000,250,0.57375625,1.26226375,0.0514072599039,,0.295,minimum_signal,linear,FE,6000,2000,100,20,13,0,14,1,random,minimum,250
2026090707,1000,250,0.54270625,1.19395375,0.0562949054883,,0.297,minimum_signal,linear,FE,6000,2000,100,20,13,0,14,1,random,minimum,250
2026090708,1000,250,0.540597916667,1.18931541667,0.0539084815485,,0.181,minimum_signal,linear,FE,6000,2000,100,20,13,0,14,1,random,minimum,250
2026090709,1000,250,0.634470833333,1.39583583333,0.049112001968,,0.29,minimum_signal,linear,FE,6000,2000,100,20,13,0,14,1,random,minimum,250
2026090710,1000,250,0.612641666667,1.34781166667,0.0520846172624,,0.247,minimum_signal,linear,FE,6000,2000,100,20,13,0,14,1,random,minimum,250
2026090711,1000,250,0.53145625,1.16920375,0.056625622826,,0.294,minimum_signal,linear,FE,6000,2000,100,20,13,0,14,1,random,minimum,250
2026090712,1000,250,0.592654166667,1.30383916667,0.0566756914965,,0.22,minimum_signal,linear,FE,6000,2000,100,20,13,0,14,1,random,minimum,250
2026090713,1000,250,0.832520833333,1.83154583333,0.0175998659135,,0.058,minimum_signal,linear,FE,6000,2000,100,20,13,0,14,1,random,minimum,250
2026090714,1000,250,0.533910416667,1.17460291667,0.0569290894287,,0.312,minimum_signal,linear,FE,6000,2000,100,20,13,0,14,1,random,minimum,250
2026090715,1000,250,0.654039583333,1.43888708333,0.0426328034433,,0.172,minimum_signal,linear,FE,6000,2000,100,20,13,0,14,1,random,minimum,250
2026090700,1250,250,0.541241666667,1.19073166667,0.0549174291483,,0.232,minimum_signal,linear,FE,6000,2000,100,20,13,0,14,1,random,minimum,250
2026090701,1250,250,0.516197916667,1.13563541667,0.0556919578609,,0.2912,minimum_signal,linear,FE,6000,2000,100,20,13,0,14,1,random,minimum,250
2026090702,1250,250,0.547647916667,1.20482541667,0.0597945764,,0.3008,minimum_signal,linear,FE,6000,2000,100,20,13,0,14,1,random,minimum,250
2026090703,1250,250,0.547720833333,1.20498583333,0.0540904110208,,0.2176,minimum_signal,linear,FE,6000,2000,100,20,13,0,14,1,random,minimum,250
2026090704,1250,250,0.57320625,1.26105375,0.0535081880187,,0.3064,minimum_signal,linear,FE,6000,2000,100,20,13,0,14,1,random,minimum,250
2026090705,1250,250,0.55385,1.21847,0.0502313728111,,0.228,minimum_signal,linear,FE,6000,2000,100,20,13,0,14,1,random,minimum,250
2026090706,1250,250,0.58633125,1.28992875,0.0503551423607,,0.2848,minimum_signal,linear,FE,6000,2000,100,20,13,0,14,1,random,minimum,250
2026090707,1250,250,0.512429166667,1.12734416667,0.0602334690975,,0.3136,minimum_signal,linear,FE,6000,2000,100,20,13,0,14,1,random,minimum,250
2026090708,1250,250,0.680922916667,1.49803041667,0.0434838182646,,0.176,minimum_signal,linear,FE,6000,2000,100,20,13,0,14,1,random,minimum,250
2026090709,1250,250,0.575995833333,1.26719083333,0.0503424932207,,0.292,minimum_signal,linear,FE,6000,2000,100,20,13,0,14,1,random,minimum,250
2026090710,1250,250,0.54244375,1.19337625,0.0590649542775,,0.2648,minimum_signal,linear,FE,6000,2000,100,20,13,0,14,1,random,minimum,250
2026090711,1250,250,0.558566666667,1.22884666667,0.0555810782438,,0.2992,minimum_signal,linear,FE,6000,2000,100,20,13,0,14,1,random,minimum,250
2026090712,1250,250,0.66683125,1.46702875,0.047648067146,,0.1984,minimum_signal,linear,FE,6000,2000,100,20,13,0,14,1,random,minimum,250
2026090713,1250,250,0.634777083333,1.39650958333,0.039447735753,,0.0856,minimum_signal,linear,FE,6000,2000,100,20,13,0,14,1,random,minimum,250
2026090714,1250,250,0.5595,1.2309,0.0571790338668,,0.3008,minimum_signal,linear,FE,6000,2000,100,20,13,0,14,1,random,minimum,250
2026090715,1250,250,0.672820833333,1.48020583333,0.0379763214426,,0.1696,minimum_signal,linear,FE,6000,2000,100,20,13,0,14,1,random,minimum,250
2026090700,1500,250,0.558127083333,1.22787958333,0.0549633780693,,0.238,minimum_signal,linear,FE,6000,2000,100,20,13,0,14,1,random,minimum,250
2026090701,1500,250,0.612339583333,1.34714708333,0.0481460034823,,0.267333333333,minimum_signal,linear,FE,6000,2000,100,20,13,0,14,1,random,minimum,250
2026090702,1500,250,0.5495625,1.2090375,0.0554118491457,,0.31,minimum_signal,linear,FE,6000,2000,100,20,13,0,14,1,random,minimum,250
2026090703,1500,250,0.536222916667,1.17969041667,0.0529600467661,,0.233333333333,minimum_signal,linear,FE,6000,2000,100,20,13,0,14,1,random,minimum,250
2026090704,1500,250,0.5266375,1.1586025,0.0608191629783,,0.319333333333,minimum_signal,linear,FE,6000,2000,100,20,13,0,14,1,random,minimum,250
2026090705,1500,250,0.546389583333,1.20205708333,0.0470999369243,,0.24,minimum_signal,linear,FE,6000,2000,100,20,13,0,14,1,random,minimum,250
2026090706,1500,250,0.596079166667,1.31137416667,0.0484539771471,,0.285333333333,minimum_signal,linear,FE,6000,2000,100,20,13,0,14,1,random,minimum,250
2026090707,1500,250,0.612383333333,1.34724333333,0.0432385666317,,0.290666666667,minimum_signal,linear,FE,6000,2000,100,20,13,0,14,1,random,minimum,250
2026090708,1500,250,0.61550625,1.35411375,0.0446726079771,,0.177333333333,minimum_signal,linear,FE,6000,2000,100,20,13,0,14,1,random,minimum,250
2026090709,1500,250,0.641585416667,1.41148791667,0.0345418255626,,0.253333333333,minimum_signal,linear,FE,6000,2000,100,20,13,0,14,1,random,minimum,250
2026090710,1500,250,0.672908333333,1.48039833333,0.0417363321978,,0.24,minimum_signal,linear,FE,6000,2000,100,20,13,0,14,1,random,minimum,250
2026090711,1500,250,0.545802083333,1.20076458333,0.0542784691735,,0.286,minimum_signal,linear,FE,6000,2000,100,20,13,0,14,1,random,minimum,250
2026090712,1500,250,0.514766666667,1.13248666667,0.0575251206811,,0.221333333333,minimum_signal,linear,FE,6000,2000,100,20,13,0,14,1,random,minimum,250
2026090713,1500,250,0.534027083333,1.17485958333,0.0553395874406,,0.129333333333,minimum_signal,linear,FE,6000,2000,100,20,13,0,14,1,random,minimum,250
2026090714,1500,250,0.559077083333,1.22996958333,0.0584965886975,,0.286,minimum_signal,linear,FE,6000,2000,100,20,13,0,14,1,random,minimum,250
2026090715,1500,250,0.511095833333,1.12441083333,0.0584714933681,,0.198,minimum_signal,linear,FE,6000,2000,100,20,13,0,14,1,random,minimum,250
2026090700,1750,250,0.543904166667,1.19658916667,0.0497106992831,,0.238285714286,minimum_signal,linear,FE,6000,2000,100,20,13,0,14,1,random,minimum,250
2026090701,1750,250,0.650977083333,1.43214958333,0.035022013474,,0.247428571429,minimum_signal,linear,FE,6000,2000,100,20,13,0,14,1,random,minimum,250
2026090702,1750,250,0.532779166667,1.17211416667,0.0533982721065,,0.310857142857,minimum_signal,linear,FE,6000,2000,100,20,13,0,14,1,random,minimum,250
2026090703,1750,250,0.574916666667,1.26481666667,0.0451004331003,,0.232571428571,minimum_signal,linear,FE,6000,2000,100,20,13,0,14,1,random,minimum,250
2026090704,1750,250,0.557285416667,1.22602791667,0.0539217150991,,0.314857142857,minimum_signal,linear,FE,6000,2000,100,20,13,0,14,1,random,minimum,250
2026090705,1750,250,0.54506875,1.19915125,0.0564478262278,,0.247428571429,minimum_signal,linear,FE,6000,2000,100,20,13,0,14,1,random,minimum,250
2026090706,1750,250,0.604883333333,1.33074333333,0.0442609063619,,0.277142857143,minimum_signal,linear,FE,6000,2000,100,20,13,0,14,1,random,minimum,250
2026090707,1750,250,0.515302083333,1.13366458333,0.0557127790612,,0.293142857143,minimum_signal,linear,FE,6000,2000,100,20,13,0,14,1,random,minimum,250
2026090708,1750,250,0.527672916667,1.16088041667,0.057272935325,,0.202857142857,minimum_signal,linear,FE,6000,2000,100,20,13,0,14,1,random,minimum,250
2026090709,1750,250,0.5087625,1.1192775,0.0514745772526,,0.267428571429,minimum_signal,linear,FE,6000,2000,100,20,13,0,14,1,random,minimum,250
2026090710,1750,250,0.747052083333,1.64351458333,0.0271236451924,,0.217142857143,minimum_signal,linear,FE,6000,2000,100,20,13,0,14,1,random,minimum,250
2026090711,1750,250,0.6375125,1.4025275,0.0434406317412,,0.26,minimum_signal,linear,FE,6000,2000,100,20,13,0,14,1,random,minimum,250
2026090712,1750,250,0.577320833333,1.27010583333,0.0456602927273,,0.218857142857,minimum_signal,linear,FE,6000,2000,100,20,13,0,14,1,random,minimum,250
2026090713,1750,250,0.604766666667,1.33048666667,0.0491588225311,,0.148,minimum_signal,linear,FE,6000,2000,100,20,13,0,14,1,random,minimum,250
2026090714,1750,250,0.533839583333,1.17444708333,0.0628638345639,,0.294857142857,minimum_signal,linear,FE,6000,2000,100,20,13,0,14,1,random,minimum,250
2026090715,1750,250,0.534072916667,1.17496041667,0.057004651525,,0.212571428571,minimum_signal,linear,FE,6000,2000,100,20,13,0,14,1,random,minimum,250
2026090700,2000,250,0.54530625,1.19967375,0.0570209889377,,0.243,minimum_signal,linear,FE,6000,2000,100,20,13,0,14,1,random,minimum,250
2026090701,2000,250,0.607935416667,1.33745791667,0.0467455930867,,0.2465,minimum_signal,linear,FE,6000,2000,100,20,13,0,14,1,random,minimum,250
2026090702,2000,250,0.546208333333,1.20165833333,0.051404074146,,0.307,minimum_signal,linear,FE,6000,2000,100,20,13,0,14,1,random,minimum,250
2026090703,2000,250,0.573358333333,1.26138833333,0.0550024305529,,0.2315,minimum_signal,linear,FE,6000,2000,100,20,13,0,14,1,random,minimum,250
2026090704,2000,250,0.542685416667,1.19390791667,0.061213259412,,0.3115,minimum_signal,linear,FE,6000,2000,100,20,13,0,14,1,random,minimum,250
2026090705,2000,250,0.572864583333,1.26030208333,0.0458356472932,,0.2315,minimum_signal,linear,FE,6000,2000,100,20,13,0,14,1,random,minimum,250
2026090706,2000,250,0.562614583333,1.23775208333,0.0563998970911,,0.2805,minimum_signal,linear,FE,6000,2000,100,20,13,0,14,1,random,minimum,250
2026090707,2000,250,0.57688125,1.26913875,0.051514529051,,0.284,minimum_signal,linear,FE,6000,2000,100,20,13,0,14,1,random,minimum,250
2026090708,2000,250,0.556902083333,1.22518458333,0.0480400201819,,0.2105,minimum_signal,linear,FE,6000,2000,100,20,13,0,14,1,random,minimum,250
2026090709,2000,250,0.683320833333,1.50330583333,0.0399093552978,,0.2525,minimum_signal,linear,FE,6000,2000,100,20,13,0,14,1,random,minimum,250
2026090710,2000,250,0.6076875,1.3369125,0.0501804294061,,0.223,minimum_signal,linear,FE,6000,2000,100,20,13,0,14,1,random,minimum,250
2026090711,2000,250,0.566925,1.247235,0.0540642989985,,0.258,minimum_signal,linear,FE,6000,2000,100,20,13,0,14,1,random,minimum,250
2026090712,2000,250,0.562054166667,1.23651916667,0.0501042245743,,0.223,minimum_signal,linear,FE,6000,2000,100,20,13,0,14,1,random,minimum,250
2026090713,2000,250,0.59106875,1.30035125,0.0457115693203,,0.1475,minimum_signal,linear,FE,6000,2000,100,20,13,0,14,1,random,minimum,250
2026090714,2000,250,0.5707375,1.2556225,0.0521342123013,,0.2875,minimum_signal,linear,FE,6000,2000,100,20,13,0,14,1,random,minimum,250
2026090715,2000,250,0.532310416667,1.17108291667,0.0509627019639,,0.217,minimum_signal,linear,FE,6000,2000,100,20,13,0,14,1,random,minimum,250
2026090700,2250,250,0.607358333333,1.33618833333,0.0430962156608,,0.236,minimum_signal,linear,FE,6000,2000,100,20,13,0,14,1,random,minimum,250
2026090701,2250,250,0.738847916667,1.62546541667,0.0316447294166,,0.224,minimum_signal,linear,FE,6000,2000,100,20,13,0,14,1,random,minimum,250
2026090702,2250,250,0.557254166667,1.22595916667,0.0551018581694,,0.300444444444,minimum_signal,linear,FE,6000,2000,100,20,13,0,14,1,random,minimum,250
2026090703,2250,250,0.66688125,1.46713875,0.0420338731383,,0.217777777778,minimum_signal,linear,FE,6000,2000,100,20,13,0,14,1,random,minimum,250
2026090704,2250,250,0.553747916667,1.21824541667,0.0573800886997,,0.312444444444,minimum_signal,linear,FE,6000,2000,100,20,13,0,14,1,random,minimum,250
2026090705,2250,250,0.544877083333,1.19872958333,0.0487270528487,,0.231555555556,minimum_signal,linear,FE,6000,2000,100,20,13,0,14,1,random,minimum,250
2026090706,2250,250,0.5479625,1.2055175,0.0565126638647,,0.279111111111,minimum_signal,linear,FE,6000,2000,100,20,13,0,14,1,random,minimum,250
2026090707,2250,250,0.54489375,1.19876625,0.0560425198336,,0.284444444444,minimum_signal,linear,FE,6000,2000,100,20,13,0,14,1,random,minimum,250
2026090708,2250,250,0.751104166667,1.65242916667,0.0217047422229,,0.197333333333,minimum_signal,linear,FE,6000,2000,100,20,13,0,14,1,random,minimum,250
2026090709,2250,250,0.724377083333,1.59362958333,0.0380968611554,,0.233777777778,minimum_signal,linear,FE,6000,2000,100,20,13,0,14,1,random,minimum,250
2026090710,2250,250,0.5676875,1.2489125,0.0539929613002,,0.230666666667,minimum_signal,linear,FE,6000,2000,100,20,13,0,14,1,random,minimum,250
2026090711,2250,250,0.59269375,1.30392625,0.0514295038456,,0.255555555556,minimum_signal,linear,FE,6000,2000,100,20,13,0,14,1,random,minimum,250
2026090712,2250,250,0.489141666667,1.07611166667,0.0572073400858,,0.227555555556,minimum_signal,linear,FE,6000,2000,100,20,13,0,14,1,random,minimum,250
2026090713,2250,250,0.559160416667,1.23015291667,0.053466993724,,0.164888888889,minimum_signal,linear,FE,6000,2000,100,20,13,0,14,1,random,minimum,250
2026090714,2250,250,0.56291875,1.23842125,0.0548590359997,,0.289777777778,minimum_signal,linear,FE,6000,2000,100,20,13,0,14,1,random,minimum,250
2026090715,2250,250,0.599825,1.319615,0.0443198667235,,0.214222222222,minimum_signal,linear,FE,6000,2000,100,20,13,0,14,1,random,minimum,250
2026090700,2500,250,0.586320833333,1.28990583333,0.0514501681702,,0.2396,minimum_signal,linear,FE,6000,2000,100,20,13,0,14,1,random,minimum,250
2026090701,2500,250,0.776041666667,1.70729166667,0.0293795289591,,0.2016,minimum_signal,linear,FE,6000,2000,100,20,13,0,14,1,random,minimum,250
2026090702,2500,250,0.654191666667,1.43922166667,0.0392589812336,,0.2816,minimum_signal,linear,FE,6000,2000,100,20,13,0,14,1,random,minimum,250
2026090703,2500,250,0.669389583333,1.47265708333,0.0420405716194,,0.216,minimum_signal,linear,FE,6000,2000,100,20,13,0,14,1,random,minimum,250
2026090704,2500,250,0.55908125,1.22997875,0.0509128455475,,0.3064,minimum_signal,linear,FE,6000,2000,100,20,13,0,14,1,random,minimum,250
2026090705,2500,250,0.537720833333,1.18298583333,0.0529191031306,,0.2372,minimum_signal,linear,FE,6000,2000,100,20,13,0,14,1,random,minimum,250
2026090706,2500,250,0.533966666667,1.17472666667,0.0594106763107,,0.2776,minimum_signal,linear,FE,6000,2000,100,20,13,0,14,1,random,minimum,250
2026090707,2500,250,0.559272916667,1.23040041667,0.0567517712288,,0.2864,minimum_signal,linear,FE,6000,2000,100,20,13,0,14,1,random,minimum,250
2026090708,2500,250,0.52688125,1.15913875,0.0563410980391,,0.2096,minimum_signal,linear,FE,6000,2000,100,20,13,0,14,1,random,minimum,250
2026090709,2500,250,0.600839583333,1.32184708333,0.0361805481321,,0.2296,minimum_signal,linear,FE,6000,2000,100,20,13,0,14,1,random,minimum,250
2026090710,2500,250,0.540772916667,1.18970041667,0.0512786844778,,0.2416,minimum_signal,linear,FE,6000,2000,100,20,13,0,14,1,random,minimum,250
2026090711,2500,250,0.532958333333,1.17250833333,0.0550829069524,,0.2552,minimum_signal,linear,FE,6000,2000,100,20,13,0,14,1,random,minimum,250
2026090712,2500,250,0.4918125,1.0819875,0.0557571362498,,0.2372,minimum_signal,linear,FE,6000,2000,100,20,13,0,14,1,random,minimum,250
2026090713,2500,250,0.532635416667,1.17179791667,0.0509547576536,,0.1808,minimum_signal,linear,FE,6000,2000,100,20,13,0,14,1,random,minimum,250
2026090714,2500,250,0.532604166667,1.17172916667,0.0589233343291,,0.2932,minimum_signal,linear,FE,6000,2000,100,20,13,0,14,1,random,minimum,250
2026090715,2500,250,0.583627083333,1.28397958333,0.0443756421809,,0.2156,minimum_signal,linear,FE,6000,2000,100,20,13,0,14,1,random,minimum,250
2026090700,2750,250,0.570291666667,1.25464166667,0.0513416125721,,0.245090909091,minimum_signal,linear,FE,6000,2000,100,20,13,0,14,1,random,minimum,250
2026090701,2750,250,0.774689583333,1.70431708333,0.0294348214639,,0.183636363636,minimum_signal,linear,FE,6000,2000,100,20,13,0,14,1,random,minimum,250
2026090702,2750,250,0.61099375,1.34418625,0.0386252675073,,0.271272727273,minimum_signal,linear,FE,6000,2000,100,20,13,0,14,1,random,minimum,250
2026090703,2750,250,0.590608333333,1.29933833333,0.0512916821076,,0.218909090909,minimum_signal,linear,FE,6000,2000,100,20,13,0,14,1,random,minimum,250
2026090704,2750,250,0.596466666667,1.31222666667,0.0514676112952,,0.300363636364,minimum_signal,linear,FE,6000,2000,100,20,13,0,14,1,random,minimum,250
2026090705,2750,250,0.592497916667,1.30349541667,0.0489125977292,,0.237454545455,minimum_signal,linear,FE,6000,2000,100,20,13,0,14,1,random,minimum,250
2026090706,2750,250,0.563135416667,1.23889791667,0.0621068656473,,0.280727272727,minimum_signal,linear,FE,6000,2000,100,20,13,0,14,1,random,minimum,250
2026090707,2750,250,0.513833333333,1.13043333333,0.0576277171369,,0.292,minimum_signal,linear,FE,6000,2000,100,20,13,0,14,1,random,minimum,250
2026090708,2750,250,0.5062375,1.1137225,0.0517981507226,,0.214545454545,minimum_signal,linear,FE,6000,2000,100,20,13,0,14,1,random,minimum,250
2026090709,2750,250,0.483395833333,1.06347083333,0.0569808617878,,0.236,minimum_signal,linear,FE,6000,2000,100,20,13,0,14,1,random,minimum,250
2026090710,2750,250,0.581229166667,1.27870416667,0.0558771659879,,0.234181818182,minimum_signal,linear,FE,6000,2000,100,20,13,0,14,1,random,minimum,250
2026090711,2750,250,0.562752083333,1.23805458333,0.0565688982904,,0.263636363636,minimum_signal,linear,FE,6000,2000,100,20,13,0,14,1,random,minimum,250
2026090712,2750,250,0.49729375,1.09404625,0.0605769201868,,0.254545454545,minimum_signal,linear,FE,6000,2000,100,20,13,0,14,1,random,minimum,250
2026090713,2750,250,0.597039583333,1.31348708333,0.0436393613651,,0.176363636364,minimum_signal,linear,FE,6000,2000,100,20,13,0,14,1,random,minimum,250
2026090714,2750,250,0.58286875,1.28231125,0.0501385922744,,0.290545454545,minimum_signal,linear,FE,6000,2000,100,20,13,0,14,1,random,minimum,250
2026090715,2750,250,0.540710416667,1.18956291667,0.0496812817475,,0.221454545455,minimum_signal,linear,FE,6000,2000,100,20,13,0,14,1,random,minimum,250
2026090700,3000,250,0.51909375,1.14200625,0.0588457112693,,0.251,minimum_signal,linear,FE,6000,2000,100,20,13,0,14,1,random,minimum,250
2026090701,3000,250,0.686460416667,1.51021291667,0.0394796205008,,0.179666666667,minimum_signal,linear,FE,6000,2000,100,20,13,0,14,1,random,minimum,250
2026090702,3000,250,0.537254166667,1.18195916667,0.0589833205977,,0.274666666667,minimum_signal,linear,FE,6000,2000,100,20,13,0,14,1,random,minimum,250
2026090703,3000,250,0.521897916667,1.14817541667,0.0570657768196,,0.221666666667,minimum_signal,linear,FE,6000,2000,100,20,13,0,14,1,random,minimum,250
2026090704,3000,250,0.61576875,1.35469125,0.0455916161808,,0.288666666667,minimum_signal,linear,FE,6000,2000,100,20,13,0,14,1,random,minimum,250
2026090705,3000,250,0.604558333333,1.33002833333,0.0436894567999,,0.235666666667,minimum_signal,linear,FE,6000,2000,100,20,13,0,14,1,random,minimum,250
2026090706,3000,250,0.573154166667,1.26093916667,0.0496104690679,,0.280333333333,minimum_signal,linear,FE,6000,2000,100,20,13,0,14,1,random,minimum,250
2026090707,3000,250,0.51381875,1.13040125,0.0548422095907,,0.294666666667,minimum_signal,linear,FE,6000,2000,100,20,13,0,14,1,random,minimum,250
2026090708,3000,250,0.56419375,1.24122625,0.0560543852742,,0.222,minimum_signal,linear,FE,6000,2000,100,20,13,0,14,1,random,minimum,250
2026090709,3000,250,0.545802083333,1.20076458333,0.0519883148724,,0.242666666667,minimum_signal,linear,FE,6000,2000,100,20,13,0,14,1,random,minimum,250
2026090710,3000,250,0.55663125,1.22458875,0.0526922003754,,0.235333333333,minimum_signal,linear,FE,6000,2000,100,20,13,0,14,1,random,minimum,250
2026090711,3000,250,0.664897916667,1.46277541667,0.0275752908024,,0.252,minimum_signal,linear,FE,6000,2000,100,20,13,0,14,1,random,minimum,250
2026090712,3000,250,0.634047916667,1.39490541667,0.0447238744153,,0.248,minimum_signal,linear,FE,6000,2000,100,20,13,0,14,1,random,minimum,250
2026090713,3000,250,0.579764583333,1.27548208333,0.0524439802947,,0.18,minimum_signal,linear,FE,6000,2000,100,20,13,0,14,1,random,minimum,250
2026090714,3000,250,0.558704166667,1.22914916667,0.0555289947218,,0.289666666667,minimum_signal,linear,FE,6000,2000,100,20,13,0,14,1,random,minimum,250
2026090715,3000,250,0.483520833333,1.06374583333,0.05428752126,,0.228666666667,minimum_signal,linear,FE,6000,2000,100,20,13,0,14,1,random,minimum,250
2026090700,3250,250,0.615045833333,1.35310083333,0.0543496948655,,0.251076923077,minimum_signal,linear,FE,6000,2000,100,20,13,0,14,1,random,minimum,250
2026090701,3250,250,0.648714583333,1.42717208333,0.0422457418954,,0.176615384615,minimum_signal,linear,FE,6000,2000,100,20,13,0,14,1,random,minimum,250
2026090702,3250,250,0.570877083333,1.25592958333,0.0576117736166,,0.278153846154,minimum_signal,linear,FE,6000,2000,100,20,13,0,14,1,random,minimum,250
2026090703,3250,250,0.515664583333,1.13446208333,0.0522375759011,,0.230461538462,minimum_signal,linear,FE,6000,2000,100,20,13,0,14,1,random,minimum,250
2026090704,3250,250,0.602264583333,1.32498208333,0.0395266177517,,0.281538461538,minimum_signal,linear,FE,6000,2000,100,20,13,0,14,1,random,minimum,250
2026090705,3250,250,0.640983333333,1.41016333333,0.0507359107625,,0.226153846154,minimum_signal,linear,FE,6000,2000,100,20,13,0,14,1,random,minimum,250
2026090706,3250,250,0.55828125,1.22821875,0.0543792917267,,0.280615384615,minimum_signal,linear,FE,6000,2000,100,20,13,0,14,1,random,minimum,250
2026090707,3250,250,0.543266666667,1.19518666667,0.0562192846664,,0.298153846154,minimum_signal,linear,FE,6000,2000,100,20,13,0,14,1,random,minimum,250
2026090708,3250,250,0.68133125,1.49892875,0.0390095309808,,0.215692307692,minimum_signal,linear,FE,6000,2000,100,20,13,0,14,1,random,minimum,250
2026090709,3250,250,0.640860416667,1.40989291667,0.0368548766133,,0.237538461538,minimum_signal,linear,FE,6000,2000,100,20,13,0,14,1,random,minimum,250
2026090710,3250,250,0.557445833333,1.22638083333,0.0595016568266,,0.24,minimum_signal,linear,FE,6000,2000,100,20,13,0,14,1,random,minimum,250
2026090711,3250,250,0.609575,1.341065,0.0512485695821,,0.249846153846,minimum_signal,linear,FE,6000,2000,100,20,13,0,14,1,random,minimum,250
2026090712,3250,250,0.6435875,1.4158925,0.0498802941699,,0.241230769231,minimum_signal,linear,FE,6000,2000,100,20,13,0,14,1,random,minimum,250
2026090713,3250,250,0.590714583333,1.29957208333,0.0571579609445,,0.186769230769,minimum_signal,linear,FE,6000,2000,100,20,13,0,14,1,random,minimum,250
2026090714,3250,250,0.603633333333,1.32799333333,0.0518514709531,,0.285538461538,minimum_signal,linear,FE,6000,2000,100,20,13,0,14,1,random,minimum,250
2026090715,3250,250,0.55051875,1.21114125,0.0555153368085,,0.237846153846,minimum_signal,linear,FE,6000,2000,100,20,13,0,14,1,random,minimum,250
2026090700,3500,250,0.574147916667,1.26312541667,0.050298062996,,0.255142857143,minimum_signal,linear,FE,6000,2000,100,20,13,0,14,1,random,minimum,250
2026090701,3500,250,0.607854166667,1.33727916667,0.0502897597857,,0.179714285714,minimum_signal,linear,FE,6000,2000,100,20,13,0,14,1,random,minimum,250
2026090702,3500,250,0.539579166667,1.18707416667,0.0551488428407,,0.281714285714,minimum_signal,linear,FE,6000,2000,100,20,13,0,14,1,random,minimum,250
2026090703,3500,250,0.538989583333,1.18577708333,0.0591726043626,,0.232285714286,minimum_signal,linear,FE,6000,2000,100,20,13,0,14,1,random,minimum,250
2026090704,3500,250,0.574122916667,1.26307041667,0.0523708135065,,0.281428571429,minimum_signal,linear,FE,6000,2000,100,20,13,0,14,1,random,minimum,250
2026090705,3500,250,0.586433333333,1.29015333333,0.048401043092,,0.231428571429,minimum_signal,linear,FE,6000,2000,100,20,13,0,14,1,random,minimum,250
2026090706,3500,250,0.561577083333,1.23546958333,0.0547645692867,,0.283428571429,minimum_signal,linear,FE,6000,2000,100,20,13,0,14,1,random,minimum,250
2026090707,3500,250,0.5394,1.18668,0.0574921932706,,0.299714285714,minimum_signal,linear,FE,6000,2000,100,20,13,0,14,1,random,minimum,250
2026090708,3500,250,0.64285,1.41427,0.037032970631,,0.208857142857,minimum_signal,linear,FE,6000,2000,100,20,13,0,14,1,random,minimum,250
2026090709,3500,250,0.529416666667,1.16471666667,0.0539362021162,,0.24,minimum_signal,linear,FE,6000,2000,100,20,13,0,14,1,random,minimum,250
2026090710,3500,250,0.566545833333,1.24640083333,0.0549726114579,,0.246571428571,minimum_signal,linear,FE,6000,2000,100,20,13,0,14,1,random,minimum,250
2026090711,3500,250,0.5623375,1.2371425,0.0530013795062,,0.247428571429,minimum_signal,linear,FE,6000,2000,100,20,13,0,14,1,random,minimum,250
2026090712,3500,250,0.53176875,1.16989125,0.0567267808421,,0.238571428571,minimum_signal,linear,FE,6000,2000,100,20,13,0,14,1,random,minimum,250
2026090713,3500,250,0.643452083333,1.41559458333,0.049503471126,,0.188,minimum_signal,linear,FE,6000,2000,100,20,13,0,14,1,random,minimum,250
2026090714,3500,250,0.615510416667,1.35412291667,0.0455813840959,,0.276571428571,minimum_signal,linear,FE,6000,2000,100,20,13,0,14,1,random,minimum,250
2026090715,3500,250,0.626958333333,1.37930833333,0.0462479883531,,0.233714285714,minimum_signal,linear,FE,6000,2000,100,20,13,0,14,1,random,minimum,250
2026090700,3750,250,0.633879166667,1.39453416667,0.0428130956824,,0.249866666667,minimum_signal,linear,FE,6000,2000,100,20,13,0,14,1,random,minimum,250
2026090701,3750,250,0.561660416667,1.23565291667,0.0551471612149,,0.182933333333,minimum_signal,linear,FE,6000,2000,100,20,13,0,14,1,random,minimum,250
2026090702,3750,250,0.528516666667,1.16273666667,0.0520742472553,,0.286666666667,minimum_signal,linear,FE,6000,2000,100,20,13,0,14,1,random,minimum,250
2026090703,3750,250,0.619272916667,1.36240041667,0.0404957471487,,0.229066666667,minimum_signal,linear,FE,6000,2000,100,20,13,0,14,1,random,minimum,250
2026090704,3750,250,0.6182375,1.3601225,0.0465656657989,,0.277866666667,minimum_signal,linear,FE,6000,2000,100,20,13,0,14,1,random,minimum,250
2026090705,3750,250,0.532066666667,1.17054666667,0.0603438236895,,0.234933333333,minimum_signal,linear,FE,6000,2000,100,20,13,0,14,1,random,minimum,250
2026090706,3750,250,0.676258333333,1.48776833333,0.0370683479784,,0.2704,minimum_signal,linear,FE,6000,2000,100,20,13,0,14,1,random,minimum,250
2026090707,3750,250,0.557829166667,1.22722416667,0.0575759835627,,0.2984,minimum_signal,linear,FE,6000,2000,100,20,13,0,14,1,random,minimum,250
2026090708,3750,250,0.500666666667,1.10146666667,0.0620404876147,,0.222666666667,minimum_signal,linear,FE,6000,2000,100,20,13,0,14,1,random,minimum,250
2026090709,3750,250,0.5865,1.2903,0.0493514446275,,0.238933333333,minimum_signal,linear,FE,6000,2000,100,20,13,0,14,1,random,minimum,250
2026090710,3750,250,0.530029166667,1.16606416667,0.0607704693408,,0.253066666667,minimum_signal,linear,FE,6000,2000,100,20,13,0,14,1,random,minimum,250
2026090711,3750,250,0.608535416667,1.33877791667,0.0469391723155,,0.248533333333,minimum_signal,linear,FE,6000,2000,100,20,13,0,14,1,random,minimum,250
2026090712,3750,250,0.555847916667,1.22286541667,0.0551327587409,,0.2384,minimum_signal,linear,FE,6000,2000,100,20,13,0,14,1,random,minimum,250
2026090713,3750,250,0.520097916667,1.14421541667,0.0555850423811,,0.196533333333,minimum_signal,linear,FE,6000,2000,100,20,13,0,14,1,random,minimum,250
2026090714,3750,250,0.615052083333,1.35311458333,0.0420233873955,,0.269333333333,minimum_signal,linear,FE,6000,2000,100,20,13,0,14,1,random,minimum,250
2026090715,3750,250,0.571,1.2562,0.0538115797595,,0.235733333333,minimum_signal,linear,FE,6000,2000,100,20,13,0,14,1,random,minimum,250
2026090700,4000,250,0.614091666667,1.35100166667,0.049294419254,,0.246,minimum_signal,linear,FE,6000,2000,100,20,13,0,14,1,random,minimum,250
2026090701,4000,250,0.624758333333,1.37446833333,0.0430280759261,,0.18525,minimum_signal,linear,FE,6000,2000,100,20,13,0,14,1,random,minimum,250
2026090702,4000,250,0.52915,1.16413,0.0483440814504,,0.283,minimum_signal,linear,FE,6000,2000,100,20,13,0,14,1,random,minimum,250
2026090703,4000,250,0.56015625,1.23234375,0.0566248873744,,0.2305,minimum_signal,linear,FE,6000,2000,100,20,13,0,14,1,random,minimum,250
2026090704,4000,250,0.529020833333,1.16384583333,0.0606060343497,,0.2815,minimum_signal,linear,FE,6000,2000,100,20,13,0,14,1,random,minimum,250
2026090705,4000,250,0.728214583333,1.60207208333,0.030629427568,,0.2215,minimum_signal,linear,FE,6000,2000,100,20,13,0,14,1,random,minimum,250
2026090706,4000,250,0.807116666667,1.77565666667,0.0226658977412,,0.254,minimum_signal,linear,FE,6000,2000,100,20,13,0,14,1,random,minimum,250
2026090707,4000,250,0.551852083333,1.21407458333,0.053640492682,,0.294,minimum_signal,linear,FE,6000,2000,100,20,13,0,14,1,random,minimum,250
2026090708,4000,250,0.618452083333,1.36059458333,0.0460852554255,,0.22125,minimum_signal,linear,FE,6000,2000,100,20,13,0,14,1,random,minimum,250
2026090709,4000,250,0.558708333333,1.22915833333,0.0465866696082,,0.2385,minimum_signal,linear,FE,6000,2000,100,20,13,0,14,1,random,minimum,250
2026090710,4000,250,0.504777083333,1.11050958333,0.0607045119417,,0.25625,minimum_signal,linear,FE,6000,2000,100,20,13,0,14,1,random,minimum,250
2026090711,4000,250,0.540622916667,1.18937041667,0.0609996759118,,0.2485,minimum_signal,linear,FE,6000,2000,100,20,13,0,14,1,random,minimum,250
2026090712,4000,250,0.545035416667,1.19907791667,0.0516989041268,,0.24325,minimum_signal,linear,FE,6000,2000,100,20,13,0,14,1,random,minimum,250
2026090713,4000,250,0.516908333333,1.13719833333,0.0559994008234,,0.20475,minimum_signal,linear,FE,6000,2000,100,20,13,0,14,1,random,minimum,250
2026090714,4000,250,0.627422916667,1.38033041667,0.0486590053076,,0.2685,minimum_signal,linear,FE,6000,2000,100,20,13,0,14,1,random,minimum,250
2026090715,4000,250,0.558666666667,1.22906666667,0.0535411394541,,0.235,minimum_signal,linear,FE,6000,2000,100,20,13,0,14,1,random,minimum,250
2026090700,4250,250,0.582377083333,1.28122958333,0.0552500571597,,0.246588235294,minimum_signal,linear,FE,6000,2000,100,20,13,0,14,1,random,minimum,250
2026090701,4250,250,0.57378125,1.26231875,0.0557532203336,,0.190352941176,minimum_signal,linear,FE,6000,2000,100,20,13,0,14,1,random,minimum,250
2026090702,4250,250,0.523664583333,1.15206208333,0.0623493181144,,0.286117647059,minimum_signal,linear,FE,6000,2000,100,20,13,0,14,1,random,minimum,250
2026090703,4250,250,0.698910416667,1.53760291667,0.0409320313504,,0.220235294118,minimum_signal,linear,FE,6000,2000,100,20,13,0,14,1,random,minimum,250
2026090704,4250,250,0.672058333333,1.47852833333,0.0417821109182,,0.273647058824,minimum_signal,linear,FE,6000,2000,100,20,13,0,14,1,random,minimum,250
2026090705,4250,250,0.6624,1.45728,0.0312216083602,,0.211764705882,minimum_signal,linear,FE,6000,2000,100,20,13,0,14,1,random,minimum,250
2026090706,4250,250,0.806660416667,1.77465291667,0.0190779460932,,0.24,minimum_signal,linear,FE,6000,2000,100,20,13,0,14,1,random,minimum,250
2026090707,4250,250,0.521189583333,1.14661708333,0.0602194460841,,0.297882352941,minimum_signal,linear,FE,6000,2000,100,20,13,0,14,1,random,minimum,250
2026090708,4250,250,0.6459375,1.4210625,0.0496654303003,,0.217647058824,minimum_signal,linear,FE,6000,2000,100,20,13,0,14,1,random,minimum,250
2026090709,4250,250,0.55244375,1.21537625,0.0490217401308,,0.24,minimum_signal,linear,FE,6000,2000,100,20,13,0,14,1,random,minimum,250
2026090710,4250,250,0.508239583333,1.11812708333,0.0578663537423,,0.259058823529,minimum_signal,linear,FE,6000,2000,100,20,13,0,14,1,random,minimum,250
2026090711,4250,250,0.57615,1.26753,0.0535459081001,,0.251529411765,minimum_signal,linear,FE,6000,2000,100,20,13,0,14,1,random,minimum,250
2026090712,4250,250,0.646266666667,1.42178666667,0.0459889767636,,0.237176470588,minimum_signal,linear,FE,6000,2000,100,20,13,0,14,1,random,minimum,250
2026090713,4250,250,0.5933875,1.3054525,0.0540754930663,,0.206117647059,minimum_signal,linear,FE,6000,2000,100,20,13,0,14,1,random,minimum,250
2026090714,4250,250,0.7814125,1.7191075,0.0284045000188,,0.253176470588,minimum_signal,linear,FE,6000,2000,100,20,13,0,14,1,random,minimum,250
2026090715,4250,250,0.6758375,1.4868425,0.0364604585544,,0.226117647059,minimum_signal,linear,FE,6000,2000,100,20,13,0,14,1,random,minimum,250
2026090700,4500,250,0.58535,1.28777,0.042302498857,,0.247111111111,minimum_signal,linear,FE,6000,2000,100,20,13,0,14,1,random,minimum,250
2026090701,4500,250,0.564839583333,1.24264708333,0.0532715142365,,0.193111111111,minimum_signal,linear,FE,6000,2000,100,20,13,0,14,1,random,minimum,250
2026090702,4500,250,0.652647916667,1.43582541667,0.0261259790963,,0.272666666667,minimum_signal,linear,FE,6000,2000,100,20,13,0,14,1,random,minimum,250
2026090703,4500,250,0.631660416667,1.38965291667,0.0382394190775,,0.217777777778,minimum_signal,linear,FE,6000,2000,100,20,13,0,14,1,random,minimum,250
2026090704,4500,250,0.50891875,1.11962125,0.0600436103602,,0.278222222222,minimum_signal,linear,FE,6000,2000,100,20,13,0,14,1,random,minimum,250
2026090705,4500,250,0.605754166667,1.33265916667,0.0401082346435,,0.207777777778,minimum_signal,linear,FE,6000,2000,100,20,13,0,14,1,random,minimum,250
2026090706,4500,250,0.584347916667,1.28556541667,0.0491359644208,,0.240444444444,minimum_signal,linear,FE,6000,2000,100,20,13,0,14,1,random,minimum,250
2026090707,4500,250,0.708108333333,1.55783833333,0.0271766137633,,0.283333333333,minimum_signal,linear,FE,6000,2000,100,20,13,0,14,1,random,minimum,250
2026090708,4500,250,0.530925,1.168035,0.0477508978428,,0.223555555556,minimum_signal,linear,FE,6000,2000,100,20,13,0,14,1,random,minimum,250
2026090709,4500,250,0.519304166667,1.14246916667,0.0534544675579,,0.238,minimum_signal,linear,FE,6000,2000,100,20,13,0,14,1,random,minimum,250
2026090710,4500,250,0.57506875,1.26515125,0.0498035216034,,0.259777777778,minimum_signal,linear,FE,6000,2000,100,20,13,0,14,1,random,minimum,250
2026090711,4500,250,0.603583333333,1.32788333333,0.0481573071323,,0.249555555556,minimum_signal,linear,FE,6000,2000,100,20,13,0,14,1,random,minimum,250
2026090712,4500,250,0.62429375,1.37344625,0.0427466584692,,0.236444444444,minimum_signal,linear,FE,6000,2000,100,20,13,0,14,1,random,minimum,250
2026090713,4500,250,0.61356875,1.34985125,0.0507878543084,,0.208222222222,minimum_signal,linear,FE,6000,2000,100,20,13,0,14,1,random,minimum,250
2026090714,4500,250,0.6700375,1.4740825,0.0395891201086,,0.246888888889,minimum_signal,linear,FE,6000,2000,100,20,13,0,14,1,random,minimum,250
2026090715,4500,250,0.626154166667,1.37753916667,0.0387917994156,,0.221777777778,minimum_signal,linear,FE,6000,2000,100,20,13,0,14,1,random,minimum,250
2026090700,4750,250,0.52901875,1.16384125,0.0617551563586,,0.255157894737,minimum_signal,linear,FE,6000,2000,100,20,13,0,14,1,random,minimum,250
2026090701,4750,250,0.557535416667,1.22657791667,0.0574256470484,,0.200421052632,minimum_signal,linear,FE,6000,2000,100,20,13,0,14,1,random,minimum,250
2026090702,4750,250,0.589252083333,1.29635458333,0.049043238966,,0.274736842105,minimum_signal,linear,FE,6000,2000,100,20,13,0,14,1,random,minimum,250
2026090703,4750,250,0.52446875,1.15383125,0.0565106303907,,0.221263157895,minimum_signal,linear,FE,6000,2000,100,20,13,0,14,1,random,minimum,250
2026090704,4750,250,0.573958333333,1.26270833333,0.0520116906745,,0.278315789474,minimum_signal,linear,FE,6000,2000,100,20,13,0,14,1,random,minimum,250
2026090705,4750,250,0.55780625,1.22717375,0.0552269684248,,0.213473684211,minimum_signal,linear,FE,6000,2000,100,20,13,0,14,1,random,minimum,250
2026090706,4750,250,0.547335416667,1.20413791667,0.0405147938051,,0.238947368421,minimum_signal,linear,FE,6000,2000,100,20,13,0,14,1,random,minimum,250
2026090707,4750,250,0.596760416667,1.31287291667,0.0482351317685,,0.283578947368,minimum_signal,linear,FE,6000,2000,100,20,13,0,14,1,random,minimum,250
2026090708,4750,250,0.540729166667,1.18960416667,0.0557792908885,,0.233894736842,minimum_signal,linear,FE,6000,2000,100,20,13,0,14,1,random,minimum,250
2026090709,4750,250,0.61689375,1.35716625,0.0469732423092,,0.234736842105,minimum_signal,linear,FE,6000,2000,100,20,13,0,14,1,random,minimum,250
2026090710,4750,250,0.548339583333,1.20634708333,0.0529227084168,,0.262105263158,minimum_signal,linear,FE,6000,2000,100,20,13,0,14,1,random,minimum,250
2026090711,4750,250,0.7778625,1.7112975,0.00875370168619,,0.237263157895,minimum_signal,linear,FE,6000,2000,100,20,13,0,14,1,random,minimum,250
2026090712,4750,250,0.59265,1.30383,0.0530546075924,,0.234526315789,minimum_signal,linear,FE,6000,2000,100,20,13,0,14,1,random,minimum,250
2026090713,4750,250,0.576060416667,1.26733291667,0.0444739227505,,0.210105263158,minimum_signal,linear,FE,6000,2000,100,20,13,0,14,1,random,minimum,250
2026090714,4750,250,0.58899375,1.29578625,0.049462783264,,0.247578947368,minimum_signal,linear,FE,6000,2000,100,20,13,0,14,1,random,minimum,250
2026090715,4750,250,0.524347916667,1.15356541667,0.0545423482031,,0.224631578947,minimum_signal,linear,FE,6000,2000,100,20,13,0,14,1,random,minimum,250
2026090700,5000,250,0.54118125,1.19059875,0.0551644555848,,0.2564,minimum_signal,linear,FE,6000,2000,100,20,13,0,14,1,random,minimum,250
2026090701,5000,250,0.56699375,1.24738625,0.0540726734996,,0.2038,minimum_signal,linear,FE,6000,2000,100,20,13,0,14,1,random,minimum,250
2026090702,5000,250,0.63335625,1.39338375,0.0476824866078,,0.2694,minimum_signal,linear,FE,6000,2000,100,20,13,0,14,1,random,minimum,250
2026090703,5000,250,0.529408333333,1.16469833333,0.0605287737162,,0.2284,minimum_signal,linear,FE,6000,2000,100,20,13,0,14,1,random,minimum,250
2026090704,5000,250,0.527227083333,1.15989958333,0.0577187653071,,0.2796,minimum_signal,linear,FE,6000,2000,100,20,13,0,14,1,random,minimum,250
2026090705,5000,250,0.585858333333,1.28888833333,0.0537955679597,,0.2174,minimum_signal,linear,FE,6000,2000,100,20,13,0,14,1,random,minimum,250
2026090706,5000,250,0.57633125,1.26792875,0.051123004347,,0.2408,minimum_signal,linear,FE,6000,2000,100,20,13,0,14,1,random,minimum,250
2026090707,5000,250,0.570610416667,1.25534291667,0.0591199831831,,0.282,minimum_signal,linear,FE,6000,2000,100,20,13,0,14,1,random,minimum,250
2026090708,5000,250,0.5234,1.15148,0.0537271121471,,0.2344,minimum_signal,linear,FE,6000,2000,100,20,13,0,14,1,random,minimum,250
2026090709,5000,250,0.6429125,1.4144075,0.053696302092,,0.237,minimum_signal,linear,FE,6000,2000,100,20,13,0,14,1,random,minimum,250
2026090710,5000,250,0.534389583333,1.17565708333,0.035471784889,,0.257,minimum_signal,linear,FE,6000,2000,100,20,13,0,14,1,random,minimum,250
2026090711,5000,250,0.612672916667,1.34788041667,0.0382560735031,,0.234,minimum_signal,linear,FE,6000,2000,100,20,13,0,14,1,random,minimum,250
2026090712,5000,250,0.548233333333,1.20611333333,0.0580903295576,,0.2382,minimum_signal,linear,FE,6000,2000,100,20,13,0,14,1,random,minimum,250
2026090713,5000,250,0.528870833333,1.16351583333,0.0583713038466,,0.2142,minimum_signal,linear,FE,6000,2000,100,20,13,0,14,1,random,minimum,250
2026090714,5000,250,0.544358333333,1.19758833333,0.0619633035856,,0.2526,minimum_signal,linear,FE,6000,2000,100,20,13,0,14,1,random,minimum,250
2026090715,5000,250,0.56043125,1.23294875,0.0453995713365,,0.223,minimum_signal,linear,FE,6000,2000,100,20,13,0,14,1,random,minimum,250
2026090700,5250,250,0.54124375,1.19073625,0.0498858416247,,0.256952380952,minimum_signal,linear,FE,6000,2000,100,20,13,0,14,1,random,minimum,250
2026090701,5250,250,0.578158333333,1.27194833333,0.0521216880284,,0.210095238095,minimum_signal,linear,FE,6000,2000,100,20,13,0,14,1,random,minimum,250
2026090702,5250,250,0.643158333333,1.41494833333,0.0491194044823,,0.263428571429,minimum_signal,linear,FE,6000,2000,100,20,13,0,14,1,random,minimum,250
2026090703,5250,250,0.614160416667,1.35115291667,0.0497538874392,,0.226285714286,minimum_signal,linear,FE,6000,2000,100,20,13,0,14,1,random,minimum,250
2026090704,5250,250,0.58955,1.29701,0.043481150048,,0.278476190476,minimum_signal,linear,FE,6000,2000,100,20,13,0,14,1,random,minimum,250
2026090705,5250,250,0.5832125,1.2830675,0.0498147362267,,0.218666666667,minimum_signal,linear,FE,6000,2000,100,20,13,0,14,1,random,minimum,250
2026090706,5250,250,0.53780625,1.18317375,0.0571849404816,,0.240761904762,minimum_signal,linear,FE,6000,2000,100,20,13,0,14,1,random,minimum,250
2026090707,5250,250,0.5404375,1.1889625,0.0607909397812,,0.281904761905,minimum_signal,linear,FE,6000,2000,100,20,13,0,14,1,random,minimum,250
2026090708,5250,250,0.588460416667,1.29461291667,0.0519009005708,,0.233904761905,minimum_signal,linear,FE,6000,2000,100,20,13,0,14,1,random,minimum,250
2026090709,5250,250,0.646039583333,1.42128708333,0.0485009489862,,0.233523809524,minimum_signal,linear,FE,6000,2000,100,20,13,0,14,1,random,minimum,250
2026090710,5250,250,0.588872916667,1.29552041667,0.0478724076358,,0.256380952381,minimum_signal,linear,FE,6000,2000,100,20,13,0,14,1,random,minimum,250
2026090711,5250,250,0.567179166667,1.24779416667,0.0562323236609,,0.23619047619,minimum_signal,linear,FE,6000,2000,100,20,13,0,14,1,random,minimum,250
2026090712,5250,250,0.563691666667,1.24012166667,0.0535622006695,,0.242476190476,minimum_signal,linear,FE,6000,2000,100,20,13,0,14,1,random,minimum,250
2026090713,5250,250,0.5756125,1.2663475,0.053752223358,,0.22,minimum_signal,linear,FE,6000,2000,100,20,13,0,14,1,random,minimum,250
2026090714,5250,250,0.576366666667,1.26800666667,0.0538088363342,,0.251619047619,minimum_signal,linear,FE,6000,2000,100,20,13,0,14,1,random,minimum,250
2026090715,5250,250,0.610416666667,1.34291666667,0.0520092727346,,0.222666666667,minimum_signal,linear,FE,6000,2000,100,20,13,0,14,1,random,minimum,250
2026090700,5500,250,0.543935416667,1.19665791667,0.0553238958106,,0.258181818182,minimum_signal,linear,FE,6000,2000,100,20,13,0,14,1,random,minimum,250
2026090701,5500,250,0.537802083333,1.18316458333,0.0540848409216,,0.211454545455,minimum_signal,linear,FE,6000,2000,100,20,13,0,14,1,random,minimum,250
2026090702,5500,250,0.578152083333,1.27193458333,0.0522472584117,,0.267636363636,minimum_signal,linear,FE,6000,2000,100,20,13,0,14,1,random,minimum,250
2026090703,5500,250,0.607797916667,1.33715541667,0.0493488667072,,0.225818181818,minimum_signal,linear,FE,6000,2000,100,20,13,0,14,1,random,minimum,250
2026090704,5500,250,0.70815625,1.55794375,0.0168186693408,,0.266,minimum_signal,linear,FE,6000,2000,100,20,13,0,14,1,random,minimum,250
2026090705,5500,250,0.588310416667,1.29428291667,0.0471178289016,,0.220363636364,minimum_signal,linear,FE,6000,2000,100,20,13,0,14,1,random,minimum,250
2026090706,5500,250,0.591764583333,1.30188208333,0.0555944843191,,0.240545454545,minimum_signal,linear,FE,6000,2000,100,20,13,0,14,1,random,minimum,250
2026090707,5500,250,0.540329166667,1.18872416667,0.0584571434476,,0.284181818182,minimum_signal,linear,FE,6000,2000,100,20,13,0,14,1,random,minimum,250
2026090708,5500,250,0.579672916667,1.27528041667,0.0454324664559,,0.233636363636,minimum_signal,linear,FE,6000,2000,100,20,13,0,14,1,random,minimum,250
2026090709,5500,250,0.57544375,1.26597625,0.0538585126406,,0.236,minimum_signal,linear,FE,6000,2000,100,20,13,0,14,1,random,minimum,250
2026090710,5500,250,0.558870833333,1.22951583333,0.0589140718046,,0.253636363636,minimum_signal,linear,FE,6000,2000,100,20,13,0,14,1,random,minimum,250
2026090711,5500,250,0.66193125,1.45624875,0.0439120108024,,0.228727272727,minimum_signal,linear,FE,6000,2000,100,20,13,0,14,1,random,minimum,250
2026090712,5500,250,0.553479166667,1.21765416667,0.055283057976,,0.244545454545,minimum_signal,linear,FE,6000,2000,100,20,13,0,14,1,random,minimum,250
2026090713,5500,250,0.68158125,1.49947875,0.0364001303557,,0.216,minimum_signal,linear,FE,6000,2000,100,20,13,0,14,1,random,minimum,250
2026090714,5500,250,0.567875,1.249325,0.0479339993231,,0.253636363636,minimum_signal,linear,FE,6000,2000,100,20,13,0,14,1,random,minimum,250
2026090715,5500,250,0.563079166667,1.23877416667,0.0582272089554,,0.222909090909,minimum_signal,linear,FE,6000,2000,100,20,13,0,14,1,random,minimum,250
2026090700,5750,250,0.602552083333,1.32561458333,0.0567282896656,,0.25947826087,minimum_signal,linear,FE,6000,2000,100,20,13,0,14,1,random,minimum,250
2026090701,5750,250,0.747066666667,1.64354666667,0.0197624271883,,0.202782608696,minimum_signal,linear,FE,6000,2000,100,20,13,0,14,1,random,minimum,250
2026090702,5750,250,0.54573125,1.20060875,0.0486249066267,,0.266434782609,minimum_signal,linear,FE,6000,2000,100,20,13,0,14,1,random,minimum,250
2026090703,5750,250,0.539520833333,1.18694583333,0.0592884678453,,0.22852173913,minimum_signal,linear,FE,6000,2000,100,20,13,0,14,1,random,minimum,250
2026090704,5750,250,0.695935416667,1.53105791667,0.0139400509392,,0.254956521739,minimum_signal,linear,FE,6000,2000,100,20,13,0,14,1,random,minimum,250
2026090705,5750,250,0.47791875,1.05142125,0.0625508281462,,0.226260869565,minimum_signal,linear,FE,6000,2000,100,20,13,0,14,1,random,minimum,250
2026090706,5750,250,0.654727083333,1.44039958333,0.0510215048136,,0.237217391304,minimum_signal,linear,FE,6000,2000,100,20,13,0,14,1,random,minimum,250
2026090707,5750,250,0.532208333333,1.17085833333,0.0587743228144,,0.281391304348,minimum_signal,linear,FE,6000,2000,100,20,13,0,14,1,random,minimum,250
2026090708,5750,250,0.616933333333,1.35725333333,0.0438617765714,,0.230782608696,minimum_signal,linear,FE,6000,2000,100,20,13,0,14,1,random,minimum,250
2026090709,5750,250,0.68325625,1.50316375,0.034945508701,,0.229391304348,minimum_signal,linear,FE,6000,2000,100,20,13,0,14,1,random,minimum,250
2026090710,5750,250,0.558914583333,1.22961208333,0.0610744535751,,0.25652173913,minimum_signal,linear,FE,6000,2000,100,20,13,0,14,1,random,minimum,250
2026090711,5750,250,0.746339583333,1.64194708333,0.0332164164616,,0.219130434783,minimum_signal,linear,FE,6000,2000,100,20,13,0,14,1,random,minimum,250
2026090712,5750,250,0.571829166667,1.25802416667,0.0492584893166,,0.24452173913,minimum_signal,linear,FE,6000,2000,100,20,13,0,14,1,random,minimum,250
2026090713,5750,250,0.650464583333,1.43102208333,0.0424050385953,,0.212869565217,minimum_signal,linear,FE,6000,2000,100,20,13,0,14,1,random,minimum,250
2026090714,5750,250,0.836975,1.841345,0.0166470755242,,0.242782608696,minimum_signal,linear,FE,6000,2000,100,20,13,0,14,1,random,minimum,250
2026090715,5750,250,0.55435,1.21957,0.0575723027137,,0.226608695652,minimum_signal,linear,FE,6000,2000,100,20,13,0,14,1,random,minimum,250
2026090700,6000,250,0.564752083333,1.24245458333,0.0551654523319,,0.26,minimum_signal,linear,FE,6000,2000,100,20,13,0,14,1,random,minimum,250
2026090701,6000,250,0.762564583333,1.67764208333,0.0150100006686,,0.195333333333,minimum_signal,linear,FE,6000,2000,100,20,13,0,14,1,random,minimum,250
2026090702,6000,250,0.702904166667,1.54638916667,0.0353147715147,,0.260166666667,minimum_signal,linear,FE,6000,2000,100,20,13,0,14,1,random,minimum,250
2026090703,6000,250,0.6555,1.4421,0.0455158710013,,0.2245,minimum_signal,linear,FE,6000,2000,100,20,13,0,14,1,random,minimum,250
2026090704,6000,250,0.775464583333,1.70602208333,0.0233150260516,,0.2445,minimum_signal,linear,FE,6000,2000,100,20,13,0,14,1,random,minimum,250
2026090705,6000,250,0.605508333333,1.33211833333,0.0450060265959,,0.227333333333,minimum_signal,linear,FE,6000,2000,100,20,13,0,14,1,random,minimum,250
2026090706,6000,250,0.529229166667,1.16430416667,0.0596011454774,,0.239333333333,minimum_signal,linear,FE,6000,2000,100,20,13,0,14,1,random,minimum,250
2026090707,6000,250,0.565289583333,1.24363708333,0.0559800875615,,0.2835,minimum_signal,linear,FE,6000,2000,100,20,13,0,14,1,random,minimum,250
2026090708,6000,250,0.636739583333,1.40082708333,0.044482433915,,0.2285,minimum_signal,linear,FE,6000,2000,100,20,13,0,14,1,random,minimum,250
2026090709,6000,250,0.716145833333,1.57552083333,0.0302509579387,,0.219833333333,minimum_signal,linear,FE,6000,2000,100,20,13,0,14,1,random,minimum,250
2026090710,6000,250,0.570791666667,1.25574166667,0.0518338119032,,0.254666666667,minimum_signal,linear,FE,6000,2000,100,20,13,0,14,1,random,minimum,250
2026090711,6000,250,0.74568125,1.64049875,0.0336110032832,,0.210333333333,minimum_signal,linear,FE,6000,2000,100,20,13,0,14,1,random,minimum,250
2026090712,6000,250,0.534045833333,1.17490083333,0.0576126937309,,0.248166666667,minimum_signal,linear,FE,6000,2000,100,20,13,0,14,1,random,minimum,250
2026090713,6000,250,0.543458333333,1.19560833333,0.0585204552965,,0.217,minimum_signal,linear,FE,6000,2000,100,20,13,0,14,1,random,minimum,250
2026090714,6000,250,0.7739625,1.7027175,0.0245966207349,,0.234833333333,minimum_signal,linear,FE,6000,2000,100,20,13,0,14,1,random,minimum,250
2026090715,6000,250,0.632035416667,1.39047791667,0.0335744531937,,0.221333333333,minimum_signal,linear,FE,6000,2000,100,20,13,0,14,1,random,minimum,250
