game,Treatment,Session,GroupID,group_relative_contribution,surplus,gini,success
linear,AI,1,1,0.765104166667,1.89354166667,0.0444406470481,
linear,AI,1,2,0.9609375,2.4225,0.00895758641976,
linear,AI,1,3,0.805729166667,1.98791666667,0.0559244362822,
linear,AI,1,4,0.231770833333,0.523333333333,0.204559952879,
linear,AI,1,5,0.794791666667,1.95916666667,0.0453076930642,
linear,AI,1,6,0.8484375,2.116875,0.0266763146369,
linear,AI,1,7,0.740625,1.84375,0.064245099793,
linear,AI,1,8,0.495833333333,1.14270833333,0.13775582584,
linear,AI,1,9,0.9671875,2.423125,0.00833560976033,
linear,AI,1,10,0.4671875,1.18375,0.103478433819,
linear,AI,1,11,0.6390625,1.65375,0.0573015799742,
linear,AI,1,12,0.628645833333,1.55333333333,0.0730015867189,
linear,AI,1,13,0.844791666667,2.08291666667,0.0401188640527,
linear,AI,1,14,0.99375,2.49,0.00138331490916,
linear,AI,1,15,0.3796875,0.901875,0.155512332892,
linear,AI,1,16,0.430208333333,1.05083333333,0.116671503371,
linear,AI,1,17,0.397916666667,0.927291666667,0.127775554897,
linear,AI,1,18,0.960416666667,2.40166666667,0.00765324980272,
linear,AI,1,19,0.106770833333,0.235833333333,0.231661153963,
linear,AI,1,20,0.139583333333,0.314583333333,0.198767726328,
linear,AI,1,21,0.975,2.439375,0.00540954512115,
linear,AI,1,22,0.431770833333,1.04583333333,0.119286492075,
linear,AI,1,23,0.13125,0.308125,0.196063522049,
linear,AI,1,24,0.7859375,1.951875,0.0492327489967,
linear,AI,1,25,0.810416666667,2.00041666667,0.0464632515005,
linear,AI,1,26,0.839583333333,2.06895833333,0.0291670944884,
linear,AI,2,27,0.85625,2.1125,0.0429777024446,
linear,AI,2,28,0.994791666667,2.48916666667,0.000872461928934,
linear,AI,2,29,0.56875,1.4425,0.113061802538,
linear,AI,2,30,0.227604166667,0.579791666667,0.185520153908,
linear,AI,2,31,0.886458333333,2.22833333333,0.0272380911633,
linear,AI,2,32,0.98125,2.4475,0.00573979591837,
linear,AI,2,33,0.7421875,1.815625,0.0703255526367,
linear,AI,2,34,0.7171875,1.764375,0.0738859443975,
linear,AI,2,35,0.610416666667,1.55041666667,0.0845126884834,
linear,AI,2,36,0.9953125,2.491875,0.00104076283979,
linear,AI,2,37,0.983333333333,2.45333333333,0.00412087912088,
linear,AI,2,38,0.866666666667,2.19854166667,0.0266522871895,
linear,AI,2,39,0.296875,0.66,0.184024256358,
linear,AI,2,40,0.676041666667,1.70604166667,0.0597213938562,
linear,AI,2,41,0.854166666667,2.09166666667,0.0362676895223,
linear,AI,2,42,0.980729166667,2.45041666667,0.00267755911889,
linear,AI,2,43,0.59375,1.38625,0.0857222067933,
linear,AI,2,44,0.288020833333,0.688333333333,0.159862498972,
linear,AI,2,45,0.994791666667,2.48541666667,0.00121753246753,
linear,AI,2,46,0.668229166667,1.57104166667,0.103849284996,
linear,AI,2,47,0.605208333333,1.66083333333,0.0610686781913,
linear,AI,2,48,0.816666666667,2.07979166667,0.0428264931917,
linear,AI,2,49,0.5875,1.480625,0.0613368372422,
linear,AI,2,50,0.284895833333,0.733333333333,0.121041221784,
linear,AI,2,51,0.6515625,1.603125,0.0641499894878,
linear,AI,2,52,0.554166666667,1.39291666667,0.077365072359,
linear,FE,1,1,0.455729166667,1.00260416667,0.0890233601886,
linear,FE,1,2,0.604166666667,1.32916666667,0.0666114852427,
linear,FE,1,3,0.652083333333,1.43458333333,0.0807028125119,
linear,FE,1,4,0.527083333333,1.15958333333,0.0459802054781,
linear,FE,1,5,0.971354166667,2.13697916667,0.00731927072865,
linear,FE,1,6,0.277604166667,0.610729166667,0.0723135946803,
linear,FE,1,7,0.85625,1.88375,0.0184518960487,
linear,FE,1,8,0.961458333333,2.11520833333,0.0105906035072,
linear,FE,1,9,0.522395833333,1.14927083333,0.0530205429271,
linear,FE,1,10,0.809895833333,1.78177083333,0.0264560680938,
linear,FE,1,11,0.431770833333,0.949895833333,0.0831267265647,
linear,FE,1,12,0.940104166667,2.06822916667,0.0133523779679,
linear,FE,1,13,0.6109375,1.3440625,0.071985024065,
linear,FE,1,14,0.5890625,1.2959375,0.0542314801287,
linear,FE,1,15,0.24375,0.53625,0.0525203690958,
linear,FE,1,16,0.992708333333,2.18395833333,0.0018994211288,
linear,FE,1,17,0.369270833333,0.812395833333,0.0748483086436,
linear,FE,1,18,0.499479166667,1.09885416667,0.0696292442242,
linear,FE,1,19,0.189583333333,0.417083333333,0.0258111051128,
linear,FE,1,20,0.503125,1.106875,0.0716015517365,
linear,FE,1,21,0.628125,1.381875,0.0713077056148,
linear,FE,1,22,0.9703125,2.1346875,0.00687896159684,
linear,FE,1,23,0.4796875,1.0553125,0.0513458197507,
linear,FE,1,24,0.452604166667,0.995729166667,0.0409000275367,
linear,FE,1,25,0.184375,0.405625,0.0316453722272,
linear,FE,2,26,0.852083333333,1.87458333333,0.0403999296267,
linear,FE,2,27,0.934895833333,2.05677083333,0.0146626576006,
linear,FE,2,28,0.141666666667,0.311666666667,0.0509026637603,
linear,FE,2,29,0.953125,2.096875,0.010128170755,
linear,FE,2,30,0.903125,1.986875,0.0228638874443,
linear,FE,2,31,0.753645833333,1.65802083333,0.0363100023785,
linear,FE,2,32,0.192708333333,0.423958333333,0.0586965961965,
linear,FE,2,33,0.238541666667,0.524791666667,0.0483746495774,
linear,FE,2,34,0.853645833333,1.87802083333,0.0202116482513,
linear,FE,2,35,0.9453125,2.0796875,0.00969830410457,
linear,FE,2,36,0.465625,1.024375,0.0862948135044,
linear,FE,2,37,0.488020833333,1.07364583333,0.0522417709278,
linear,FE,2,38,1,2.2,0,
linear,FE,2,39,0.218229166667,0.480104166667,0.034868136245,
linear,FE,2,40,0.684895833333,1.50677083333,0.0527290455277,
linear,FE,2,41,0.119270833333,0.262395833333,0.039555814999,
linear,FE,2,42,0.982291666667,2.16104166667,0.00480572293665,
linear,FE,2,43,0.181770833333,0.399895833333,0.0566149600156,
linear,FE,2,44,0.913020833333,2.00864583333,0.0187865168642,
linear,FE,2,45,0.9046875,1.9903125,0.0150468204793,
linear,FE,2,46,0.989583333333,2.17708333333,0.00270856331809,
linear,FE,2,47,0.6265625,1.3784375,0.031086998306,
linear,FE,2,48,0.961979166667,2.11635416667,0.00690005732663,
linear,FE,2,49,0.986979166667,2.17135416667,0.00252628557075,
linear,FE,2,50,0.620833333333,1.36583333333,0.0406590596717,
linear,MI,1,1,0.956770833333,1.79708333333,0.0112316366969,
linear,MI,1,2,0.497395833333,0.984583333333,0.095750708775,
linear,MI,1,3,0.6953125,1.36625,0.0672591628961,
linear,MI,1,4,0.6109375,1.175625,0.0661526135081,
linear,MI,1,5,0.7859375,1.55625,0.0484948759444,
linear,MI,1,6,0.844270833333,1.60958333333,0.0331311124643,
linear,MI,1,7,0.848958333333,1.65833333333,0.0322019712975,
linear,MI,1,8,0.866666666667,1.61354166667,0.0281222180043,
linear,MI,1,9,0.195833333333,0.422708333333,0.201929376784,
linear,MI,1,10,0.942708333333,1.80083333333,0.0152518687415,
linear,MI,1,11,0.9875,1.87625,0.00331603406877,
linear,MI,1,12,0.615625,1.205,0.0907157927409,
linear,MI,1,13,0.923958333333,1.76645833333,0.0162474515395,
linear,MI,1,14,0.833333333333,1.62583333333,0.0357570654705,
linear,MI,1,15,0.442708333333,0.970833333333,0.147435912474,
linear,MI,1,16,0.230208333333,0.487708333333,0.180515154138,
linear,MI,1,17,0.4484375,0.875625,0.125826105231,
linear,MI,1,18,0.6375,1.30875,0.0995175619077,
linear,MI,1,19,0.9828125,1.865,0.00505514705882,
linear,MI,1,20,0.830208333333,1.53770833333,0.0337403648282,
linear,MI,1,21,0.465104166667,0.883541666667,0.113872466262,
linear,MI,1,22,0.430729166667,0.764166666667,0.106649784534,
linear,MI,1,23,0.590104166667,1.20916666667,0.114498989621,
linear,MI,1,24,0.670833333333,1.28458333333,0.0804196159301,
linear,MI,1,25,0.227083333333,0.448958333333,0.167284502452,
linear,MI,1,26,0.977083333333,1.84270833333,0.00569638446789,
linear,MI,1,27,0.411458333333,0.817083333333,0.152471539887,
linear,MI,2,28,0.841145833333,1.57270833333,0.0139473596432,
linear,MI,2,29,0.941666666667,1.77166666667,0.0145984575271,
linear,MI,2,30,0.991666666667,1.87916666667,0.00188483104114,
linear,MI,2,31,0.993229166667,1.88479166667,0.00135433386838,
linear,MI,2,32,0.491145833333,0.935833333333,0.0835480470588,
linear,MI,2,33,0.58125,1.1475,0.0774676835773,
linear,MI,2,34,0.988020833333,1.86770833333,0.00282894843448,
linear,MI,2,35,0.939583333333,1.74208333333,0.0148131204719,
linear,MI,2,36,0.344791666667,0.649791666667,0.125124809361,
linear,MI,2,37,0.824479166667,1.56916666667,0.0485852821249,
linear,MI,2,38,0.967708333333,1.84583333333,0.00987480318363,
linear,MI,2,39,0.780729166667,1.51479166667,0.0500794035018,
linear,MI,2,40,0.964583333333,1.83708333333,0.0101990746368,
linear,MI,2,41,0.5671875,1.11625,0.101741095069,
linear,MI,2,42,0.586458333333,1.15958333333,0.0931892225513,
linear,MI,2,43,0.425,0.87875,0.126856972975,
linear,MI,2,44,0.505208333333,1.04333333333,0.122062569146,
linear,MI,2,45,0.814583333333,1.56083333333,0.0485225211535,
linear,MI,2,46,0.364583333333,0.733333333333,0.159834685971,
linear,MI,2,47,0.373958333333,0.817708333333,0.16087118755,
linear,MI,2,48,0.375,0.845,0.161810184564,
linear,MI,2,49,0.824479166667,1.58979166667,0.047804771903,
linear,MI,2,50,0.870833333333,1.63020833333,0.0266653910757,
linear,MI,2,51,0.924479166667,1.77291666667,0.0162638387081,
linear,MI,2,52,0.461979166667,0.903541666667,0.135110916092,
linear,MI,2,53,0.246875,0.52375,0.173376746372,
linear,MI,2,54,0.384895833333,0.728333333333,0.139065212244,
threshold,AI,1,1,0.4484375,-0.0317708333333,0.185475916783,0.5
threshold,AI,1,2,0.4390625,-0.0223958333333,0.221224040981,0.5
threshold,AI,1,3,0.547916666667,0.24375,0.134050093185,0.95
threshold,AI,1,4,0.505729166667,0.2859375,0.109337925287,0.95
threshold,AI,1,5,0.559895833333,0.1484375,0.200207837132,0.85
threshold,AI,1,6,0.241145833333,-0.1578125,0.290875349997,0.1
threshold,AI,1,7,0.46875,-0.09375,0.225951837667,0.45
threshold,AI,1,8,0.4453125,-0.153645833333,0.200999828775,0.35
threshold,AI,1,9,0.58125,0.210416666667,0.141105864804,0.95
threshold,AI,1,10,0.538020833333,0.0453125,0.173761646206,0.7
threshold,AI,1,11,0.159895833333,-0.0765625,0.255971977028,0.1
threshold,AI,1,12,0.371354166667,-0.0380208333333,0.213726911071,0.4
threshold,AI,1,13,0.508333333333,0.283333333333,0.108469560188,0.95
threshold,AI,1,14,0.169791666667,-0.0864583333333,0.232019060212,0.1
threshold,AI,1,15,0.1625,-0.1625,0.225176332776,0
threshold,AI,1,16,0.333854166667,0.0411458333333,0.190816708707,0.45
threshold,AI,1,17,0.0322916666667,-0.0322916666667,0.257698220875,0
threshold,AI,1,18,0.211979166667,-0.00364583333333,0.212270379832,0.25
threshold,AI,1,19,0.128125,-0.128125,0.336458487032,0
threshold,AI,1,20,0.149479166667,-0.0661458333333,0.227185804835,0.1
threshold,AI,1,21,0.172916666667,-0.172916666667,0.282727801047,0
threshold,AI,1,22,0.500520833333,0.291145833333,0.101386385339,0.95
threshold,AI,1,23,0.483333333333,0.0166666666667,0.17482095143,0.6
threshold,AI,1,24,0.473958333333,-0.0572916666667,0.264093139256,0.5
threshold,AI,1,25,0.470833333333,-0.0541666666667,0.238758909492,0.5
threshold,AI,2,26,0.0880208333333,-0.0880208333333,0.312098726861,0
threshold,AI,2,27,0.549479166667,0.200520833333,0.153667045715,0.9
threshold,AI,2,28,0.025,-0.025,0.266931216931,0
threshold,AI,2,29,0.1640625,-0.1640625,0.339774545583,0
threshold,AI,2,30,0.510416666667,0.114583333333,0.16646092682,0.75
threshold,AI,2,31,0.490625,0.301041666667,0.106583946596,0.95
threshold,AI,2,32,0.0473958333333,-0.0473958333333,0.263642528284,0
threshold,AI,2,33,0.511458333333,0.321875,0.0917696394372,1
threshold,AI,2,34,0.5,0.333333333333,0.0931702377347,1
threshold,AI,2,35,0.4734375,0.234895833333,0.114656223448,0.85
threshold,AI,2,36,0.3046875,-0.0963541666667,0.28461277719,0.25
threshold,AI,2,37,0.521875,0.311458333333,0.102945340827,1
threshold,AI,2,38,0.409375,0.090625,0.195375861524,0.6
threshold,AI,2,39,0.0864583333333,-0.0864583333333,0.294025974026,0
threshold,AI,2,40,0.502083333333,0.289583333333,0.112671087873,0.95
threshold,AI,2,41,0.0875,-0.0875,0.332325070517,0
threshold,AI,2,42,0.5203125,0.1046875,0.16606636033,0.75
threshold,AI,2,43,0.0901041666667,-0.0901041666667,0.333751708365,0
threshold,AI,2,44,0.352083333333,-0.102083333333,0.29141063884,0.3
threshold,AI,2,45,0.4765625,0.190104166667,0.151139059268,0.8
threshold,AI,2,46,0.5,0.333333333333,0.09375,1
threshold,AI,2,47,0.025,-0.025,0.274749721913,0
threshold,AI,2,48,0.511458333333,0.155208333333,0.207041100671,0.8
threshold,AI,2,49,0.0203125,-0.0203125,0.254794520548,0
threshold,AI,2,50,0.532291666667,0.217708333333,0.142618901755,0.9
threshold,FE,1,1,0.482291666667,-0.0239583333333,0.0489859457792,0.55
threshold,FE,1,2,0.5015625,0.331770833333,0.000890513685789,1
threshold,FE,1,3,0.4796875,0.0203125,0.180279120102,0.6
threshold,FE,1,4,0.5,0.333333333333,0,1
threshold,FE,1,5,0.138541666667,-0.096875,0.0623824030657,0.05
threshold,FE,1,6,0.5,0.333333333333,0,1
threshold,FE,1,7,0.5,0.333333333333,0,1
threshold,FE,1,8,0.5,0.333333333333,0.001171875,1
threshold,FE,1,9,0.501041666667,0.332291666667,0.000590551181102,1
threshold,FE,1,10,0.498958333333,0.292708333333,0.0015,0.95
threshold,FE,1,11,0.496875,0.253125,0.0062619047619,0.9
threshold,FE,1,12,0.498958333333,0.292708333333,0.0015,0.95
threshold,FE,1,13,0.50625,0.327083333333,0.00264266996613,1
threshold,FE,1,14,0.5015625,0.331770833333,0.000885826771654,1
threshold,FE,1,15,0.5,0.333333333333,0,1
threshold,FE,1,16,0.5078125,0.1171875,0.0346835702368,0.75
threshold,FE,1,17,0.230208333333,-0.188541666667,0.178559143223,0.05
threshold,FE,1,18,0.49375,0.297916666667,0.0075,0.95
threshold,FE,1,19,0.5,0.333333333333,0,1
threshold,FE,2,20,0.5,0.333333333333,0,1
threshold,FE,2,21,0.5015625,0.206770833333,0.0320682769884,0.85
threshold,FE,2,22,0.500520833333,0.3328125,0.000295275590551,1
threshold,FE,2,23,0.5,0.333333333333,0,1
threshold,FE,2,24,0.49375,0.297916666667,0.0075,0.95
threshold,FE,2,25,0.5,0.333333333333,0,1
threshold,FE,2,26,0.5,0.333333333333,0,1
threshold,FE,2,27,0.5,0.333333333333,0,1
threshold,FE,2,28,0.5015625,0.331770833333,0.0009,1
threshold,FE,2,29,0.5,0.333333333333,0,1
threshold,FE,2,30,0.501041666667,0.332291666667,0.00176711309524,1
threshold,FE,2,31,0.5,0.333333333333,0,1
threshold,FE,2,32,0.500520833333,0.3328125,0.000295275590551,1
threshold,FE,2,33,0.4875,0.2625,0.015,0.9
threshold,FE,2,34,0.5,0.333333333333,0,1
threshold,FE,2,35,0.502083333333,0.247916666667,0.00291481421965,0.9
threshold,FE,2,36,0.541666666667,0.208333333333,0.0943513682052,0.9
threshold,FE,2,37,0.4953125,0.296354166667,0.0084,0.95
threshold,FE,2,38,0.500520833333,0.3328125,0.000295275590551,1
threshold,MI,1,1,0.486458333333,0.180208333333,0.117140873016,0.8
threshold,MI,1,2,0.36875,-0.160416666667,0.267453556306,0.25
threshold,MI,1,3,0.520833333333,0.1875,0.133026920909,0.85
threshold,MI,1,4,0.0375,-0.0375,0.277466608595,0
threshold,MI,1,5,0.5046875,0.328645833333,0.0956676509186,1
threshold,MI,1,6,0.126041666667,-0.126041666667,0.244158355742,0
threshold,MI,1,7,0.376041666667,-0.334375,0.243805446635,0.05
threshold,MI,1,8,0.416145833333,0.4171875,0.178842490054,1
threshold,MI,1,9,0.285416666667,0.00625,0.228036380133,0.35
threshold,MI,1,10,0.381770833333,-0.00677083333333,0.256179556302,0.45
threshold,MI,1,11,0.529166666667,0.2625,0.108381346558,0.95
threshold,MI,1,12,0.517708333333,0.0239583333333,0.13180049055,0.65
threshold,MI,1,13,0.0567708333333,-0.0567708333333,0.261358290304,0
threshold,MI,1,14,0.4328125,0.108854166667,0.181334745927,0.65
threshold,MI,1,15,0.480208333333,0.311458333333,0.124126032444,0.95
threshold,MI,1,16,0.1109375,-0.1109375,0.304724245092,0
threshold,MI,1,17,0.533854166667,0.174479166667,0.128184228575,0.85
threshold,MI,1,18,0.498958333333,0.251041666667,0.129859348428,0.9
threshold,MI,1,19,0.0552083333333,-0.0552083333333,0.308795181493,0
threshold,MI,1,20,0.244791666667,0.213541666667,0.293044851414,0.55
threshold,MI,1,21,0.090625,-0.090625,0.288824929323,0
threshold,MI,1,22,0.48125,-0.0229166666667,0.201794083784,0.55
threshold,MI,1,23,0.497395833333,0.294270833333,0.104055547744,0.95
threshold,MI,1,24,0.313541666667,0.269791666667,0.28347540406,0.7
threshold,MI,1,25,0.540104166667,0.1265625,0.10616628557,0.8
threshold,MI,2,26,0.5,0.333333333333,0.09375,1
threshold,MI,2,27,0.331770833333,-0.0401041666667,0.295192183073,0.35
threshold,MI,2,28,0.143229166667,-0.0598958333333,0.306695959718,0.1
threshold,MI,2,29,0.461979166667,0.246354166667,0.178436580229,0.85
threshold,MI,2,30,0.490625,0.217708333333,0.139000048597,0.85
threshold,MI,2,31,0.572395833333,0.177604166667,0.179746081881,0.9
threshold,MI,2,32,0.4265625,0.281770833333,0.185449190104,0.85
threshold,MI,2,33,0.4703125,0.2796875,0.139331589496,0.9
threshold,MI,2,34,0.426041666667,0.240625,0.194160880825,0.8
threshold,MI,2,35,0.492708333333,0.215625,0.130692343065,0.85
threshold,MI,2,36,0.0276041666667,-0.0276041666667,0.258865640652,0
threshold,MI,2,37,0.502604166667,0.330729166667,0.0934384920635,1
threshold,MI,2,38,0.3859375,0.447395833333,0.18611450395,1
threshold,MI,2,39,0.493229166667,0.1734375,0.133007386006,0.8
threshold,MI,2,40,0.415625,0.251041666667,0.18975803858,0.8
threshold,MI,2,41,0.0979166666667,-0.0979166666667,0.25614379085,0
threshold,MI,2,42,0.276041666667,0.348958333333,0.291955712613,0.75
threshold,MI,2,43,0.4484375,0.3015625,0.181309529606,0.9
threshold,MI,2,44,0.509895833333,0.1984375,0.110915768224,0.85
threshold,MI,2,45,0.369791666667,-0.078125,0.267248475883,0.35
threshold,MI,2,46,0.297916666667,-0.00625,0.316520532904,0.35
threshold,MI,2,47,0.508333333333,0.241666666667,0.128384074064,0.9
threshold,MI,2,48,0.0723958333333,-0.0723958333333,0.279243779442,0
threshold,MI,2,49,0.499479166667,0.2921875,0.101052295918,0.95
threshold,MI,2,50,0.171875,-0.130208333333,0.307210311498,0.05
