"seed","acceptance_rate","agent_1_revisions","agent_2_revisions","agent_3_revisions","agent_4_revisions","group_relative_contribution","surplus","gini","success","experiment","game","treatment","steps","burn_in","thin","rounds","levels","beta","gamma","selection","initial","signal","diagnostic_every","run_id","retained_profiles","post_burn_profiles","snapshot_group_relative_contribution","snapshot_surplus","snapshot_gini","snapshot_success"
2026090700,0.135666666667,1452,1574,1495,1479,0.5925453125,1.3035996875,0.0466672083281,,"baseline","linear","FE",6000,2000,100,20,13,0,14,1,"random","mean",250,"baseline_linear_FE_2026090700",40,4000,0.5830078125,1.2826171875,0.0486630550304,
2026090701,0.0558333333333,1486,1482,1480,1552,0.8271578125,1.8197471875,0.0266402992489,,"baseline","linear","FE",6000,2000,100,20,13,0,14,1,"random","mean",250,"baseline_linear_FE_2026090701",40,4000,0.826979166667,1.81935416667,0.0266235642626,
2026090702,0.155666666667,1458,1506,1494,1542,0.625790625,1.376739375,0.0433228947337,,"baseline","linear","FE",6000,2000,100,20,13,0,14,1,"random","mean",250,"baseline_linear_FE_2026090702",40,4000,0.627630208333,1.38078645833,0.0428103131805,
2026090703,0.126833333333,1453,1499,1486,1562,0.648652213542,1.42703486979,0.034445360662,,"baseline","linear","FE",6000,2000,100,20,13,0,14,1,"random","mean",250,"baseline_linear_FE_2026090703",40,4000,0.641549479167,1.41140885417,0.0346893961564,
2026090704,0.1805,1515,1519,1459,1507,0.595573828125,1.31026242187,0.04689238477,,"baseline","linear","FE",6000,2000,100,20,13,0,14,1,"random","mean",250,"baseline_linear_FE_2026090704",40,4000,0.6026953125,1.3259296875,0.0481496146536,
2026090705,0.169666666667,1515,1488,1485,1512,0.604981640625,1.33095960937,0.0432349362706,,"baseline","linear","FE",6000,2000,100,20,13,0,14,1,"random","mean",250,"baseline_linear_FE_2026090705",40,4000,0.599869791667,1.31971354167,0.0443981382783,
2026090706,0.1065,1536,1438,1479,1547,0.630388671875,1.38685507812,0.0420213304357,,"baseline","linear","FE",6000,2000,100,20,13,0,14,1,"random","mean",250,"baseline_linear_FE_2026090706",40,4000,0.620989583333,1.36617708333,0.0418014493744,
2026090707,0.1275,1476,1563,1508,1453,0.617066536458,1.35754638021,0.0443006600384,,"baseline","linear","FE",6000,2000,100,20,13,0,14,1,"random","mean",250,"baseline_linear_FE_2026090707",40,4000,0.6153125,1.3536875,0.0425623857794,
2026090708,0.137833333333,1502,1504,1489,1505,0.628101822917,1.38182401042,0.0456965717778,,"baseline","linear","FE",6000,2000,100,20,13,0,14,1,"random","mean",250,"baseline_linear_FE_2026090708",40,4000,0.637786458333,1.40313020833,0.0448079908028,
2026090709,0.1385,1457,1468,1522,1553,0.623148177083,1.37092598958,0.0421225965274,,"baseline","linear","FE",6000,2000,100,20,13,0,14,1,"random","mean",250,"baseline_linear_FE_2026090709",40,4000,0.623138020833,1.37090364583,0.0430895004823,
2026090710,0.132666666667,1510,1494,1507,1489,0.597116666667,1.31365666667,0.0464677703406,,"baseline","linear","FE",6000,2000,100,20,13,0,14,1,"random","mean",250,"baseline_linear_FE_2026090710",40,4000,0.586666666667,1.29066666667,0.0491290645778,
2026090711,0.158333333333,1539,1518,1474,1469,0.619368359375,1.36261039062,0.04477215375,,"baseline","linear","FE",6000,2000,100,20,13,0,14,1,"random","mean",250,"baseline_linear_FE_2026090711",40,4000,0.616888020833,1.35715364583,0.0450540321349,
2026090712,0.162166666667,1498,1497,1517,1488,0.574361067708,1.26359434896,0.0497985239108,,"baseline","linear","FE",6000,2000,100,20,13,0,14,1,"random","mean",250,"baseline_linear_FE_2026090712",40,4000,0.558619791667,1.22896354167,0.0513078682215,
2026090713,0.101666666667,1521,1535,1491,1453,0.742990625,1.634579375,0.0213804255859,,"baseline","linear","FE",6000,2000,100,20,13,0,14,1,"random","mean",250,"baseline_linear_FE_2026090713",40,4000,0.743216145833,1.63507552083,0.0220289840363,
2026090714,0.182333333333,1525,1530,1445,1500,0.562213541667,1.23686979167,0.0514458753275,,"baseline","linear","FE",6000,2000,100,20,13,0,14,1,"random","mean",250,"baseline_linear_FE_2026090714",40,4000,0.540703125,1.189546875,0.0546194100169,
2026090715,0.0991666666667,1497,1457,1505,1541,0.683291666667,1.50324166667,0.0351472353101,,"baseline","linear","FE",6000,2000,100,20,13,0,14,1,"random","mean",250,"baseline_linear_FE_2026090715",40,4000,0.684934895833,1.50685677083,0.0349535144915,
2026090716,0.09,1480,1541,1454,1525,0.70877578125,1.55930671875,0.0355686278537,,"baseline","linear","FE",6000,2000,100,20,13,0,14,1,"random","mean",250,"baseline_linear_FE_2026090716",40,4000,0.713736979167,1.57022135417,0.0345552026703,
2026090717,0.136666666667,1546,1492,1524,1438,0.686668229167,1.51067010417,0.034702102727,,"baseline","linear","FE",6000,2000,100,20,13,0,14,1,"random","mean",250,"baseline_linear_FE_2026090717",40,4000,0.6806640625,1.4974609375,0.0351439744012,
2026090718,0.119,1509,1511,1524,1456,0.617043359375,1.35749539062,0.0446203513891,,"baseline","linear","FE",6000,2000,100,20,13,0,14,1,"random","mean",250,"baseline_linear_FE_2026090718",40,4000,0.601940104167,1.32426822917,0.046603335614,
2026090719,0.154166666667,1532,1456,1507,1505,0.569072526042,1.25195955729,0.0477690313907,,"baseline","linear","FE",6000,2000,100,20,13,0,14,1,"random","mean",250,"baseline_linear_FE_2026090719",40,4000,0.569765625,1.253484375,0.0471795679339,
2026090720,0.0508333333333,1515,1476,1475,1534,0.777149609375,1.70972914063,0.0302966847821,,"baseline","linear","FE",6000,2000,100,20,13,0,14,1,"random","mean",250,"baseline_linear_FE_2026090720",40,4000,0.777369791667,1.71021354167,0.0302900572335,
2026090721,0.163166666667,1482,1476,1547,1495,0.605801692708,1.33276372396,0.0431769971248,,"baseline","linear","FE",6000,2000,100,20,13,0,14,1,"random","mean",250,"baseline_linear_FE_2026090721",40,4000,0.598893229167,1.31756510417,0.0447532370537,
2026090722,0.154833333333,1568,1471,1501,1460,0.616619661458,1.35656325521,0.0464170844879,,"baseline","linear","FE",6000,2000,100,20,13,0,14,1,"random","mean",250,"baseline_linear_FE_2026090722",40,4000,0.6101171875,1.3422578125,0.0481157551206,
2026090723,0.1675,1590,1442,1463,1505,0.612317578125,1.34709867187,0.047239623823,,"baseline","linear","FE",6000,2000,100,20,13,0,14,1,"random","mean",250,"baseline_linear_FE_2026090723",40,4000,0.611236979167,1.34472135417,0.0470582741075,
2026090724,0.094,1514,1520,1485,1481,0.654438151042,1.43976393229,0.0453530834942,,"baseline","linear","FE",6000,2000,100,20,13,0,14,1,"random","mean",250,"baseline_linear_FE_2026090724",40,4000,0.666770833333,1.46689583333,0.0452866342401,
2026090725,0.109333333333,1558,1477,1416,1549,0.705161848958,1.55135606771,0.0329911280874,,"baseline","linear","FE",6000,2000,100,20,13,0,14,1,"random","mean",250,"baseline_linear_FE_2026090725",40,4000,0.706901041667,1.55518229167,0.0339355045517,
2026090726,0.0468333333333,1489,1576,1495,1440,0.87898203125,1.93376046875,0.0146236767475,,"baseline","linear","FE",6000,2000,100,20,13,0,14,1,"random","mean",250,"baseline_linear_FE_2026090726",40,4000,0.878776041667,1.93330729167,0.0145766583652,
2026090727,0.0531666666667,1487,1490,1475,1548,0.766448958333,1.68618770833,0.0191734921219,,"baseline","linear","FE",6000,2000,100,20,13,0,14,1,"random","mean",250,"baseline_linear_FE_2026090727",40,4000,0.769231770833,1.69230989583,0.0185718248004,
2026090728,0.186833333333,1560,1454,1483,1503,0.594494401042,1.30788768229,0.0481150114331,,"baseline","linear","FE",6000,2000,100,20,13,0,14,1,"random","mean",250,"baseline_linear_FE_2026090728",40,4000,0.5983203125,1.3163046875,0.0486579616996,
2026090729,0.0821666666667,1515,1469,1485,1531,0.717821354167,1.57920697917,0.0364200029864,,"baseline","linear","FE",6000,2000,100,20,13,0,14,1,"random","mean",250,"baseline_linear_FE_2026090729",40,4000,0.714622395833,1.57216927083,0.0362769187663,
2026090730,0.0343333333333,1462,1445,1540,1553,0.864537109375,1.90198164062,0.016134227221,,"baseline","linear","FE",6000,2000,100,20,13,0,14,1,"random","mean",250,"baseline_linear_FE_2026090730",40,4000,0.864010416667,1.90082291667,0.0159941717972,
2026090731,0.11,1491,1518,1480,1511,0.631450260417,1.38919057292,0.0423591214764,,"baseline","linear","FE",6000,2000,100,20,13,0,14,1,"random","mean",250,"baseline_linear_FE_2026090731",40,4000,0.621041666667,1.36629166667,0.0417458249396,
2026090800,0.158833333333,1513,1461,1473,1553,0.603238020833,1.51721442708,0.0636723115663,,"baseline","linear","AI",6000,2000,100,20,13,0,14,1,"random","mean",250,"baseline_linear_AI_2026090800",40,4000,0.600677083333,1.50320833333,0.0667103479267,
2026090801,0.0978333333333,1474,1539,1475,1512,0.706427213542,1.77628838542,0.0440813854847,,"baseline","linear","AI",6000,2000,100,20,13,0,14,1,"random","mean",250,"baseline_linear_AI_2026090801",40,4000,0.704622395833,1.77277083333,0.0457940788524,
2026090802,0.126,1481,1524,1485,1510,0.696127864583,1.75775223958,0.0420775147367,,"baseline","linear","AI",6000,2000,100,20,13,0,14,1,"random","mean",250,"baseline_linear_AI_2026090802",40,4000,0.705768229167,1.78233854167,0.0395941927288,
2026090803,0.105666666667,1512,1514,1482,1492,0.623979036458,1.58193130208,0.0558130543351,,"baseline","linear","AI",6000,2000,100,20,13,0,14,1,"random","mean",250,"baseline_linear_AI_2026090803",40,4000,0.624427083333,1.58284895833,0.0568622254631,
2026090804,0.134666666667,1505,1503,1465,1527,0.631695833333,1.59220817708,0.0580730081456,,"baseline","linear","AI",6000,2000,100,20,13,0,14,1,"random","mean",250,"baseline_linear_AI_2026090804",40,4000,0.6274609375,1.58328125,0.0568523341365,
2026090805,0.0291666666667,1484,1470,1493,1553,0.806795442708,2.06372520833,0.0247042310122,,"baseline","linear","AI",6000,2000,100,20,13,0,14,1,"random","mean",250,"baseline_linear_AI_2026090805",40,4000,0.806119791667,2.06165104167,0.0247453999492,
2026090806,0.128666666667,1592,1480,1473,1455,0.657103515625,1.66150921875,0.0480223031326,,"baseline","linear","AI",6000,2000,100,20,13,0,14,1,"random","mean",250,"baseline_linear_AI_2026090806",40,4000,0.6646484375,1.680421875,0.0484118717552,
2026090807,0.0681666666667,1509,1495,1498,1498,0.798752994792,2.03856572917,0.0196173503799,,"baseline","linear","AI",6000,2000,100,20,13,0,14,1,"random","mean",250,"baseline_linear_AI_2026090807",40,4000,0.804583333333,2.05419270833,0.0185339638904,
2026090808,0.0533333333333,1537,1558,1463,1442,0.801605598958,2.03047458333,0.0238425392586,,"baseline","linear","AI",6000,2000,100,20,13,0,14,1,"random","mean",250,"baseline_linear_AI_2026090808",40,4000,0.800533854167,2.02740104167,0.0245886100933,
2026090809,0.140166666667,1478,1467,1554,1501,0.614491145833,1.54617505208,0.0580779256654,,"baseline","linear","AI",6000,2000,100,20,13,0,14,1,"random","mean",250,"baseline_linear_AI_2026090809",40,4000,0.611484375,1.54265625,0.0576893810456,
2026090810,0.0736666666667,1469,1504,1477,1550,0.7783015625,1.98778484375,0.031873540939,,"baseline","linear","AI",6000,2000,100,20,13,0,14,1,"random","mean",250,"baseline_linear_AI_2026090810",40,4000,0.777565104167,1.98561979167,0.0321676865272,
2026090811,0.0413333333333,1496,1511,1468,1525,0.795955208333,1.99352833333,0.0323065000376,,"baseline","linear","AI",6000,2000,100,20,13,0,14,1,"random","mean",250,"baseline_linear_AI_2026090811",40,4000,0.796028645833,1.99364583333,0.0323114894271,
2026090812,0.0528333333333,1464,1512,1494,1530,0.800367838542,2.00698901042,0.0237592090905,,"baseline","linear","AI",6000,2000,100,20,13,0,14,1,"random","mean",250,"baseline_linear_AI_2026090812",40,4000,0.799361979167,2.00427604167,0.0239361346656,
2026090813,0.114166666667,1496,1529,1538,1437,0.614278776042,1.55283088542,0.0571896562216,,"baseline","linear","AI",6000,2000,100,20,13,0,14,1,"random","mean",250,"baseline_linear_AI_2026090813",40,4000,0.6073046875,1.537546875,0.0577438292335,
2026090814,0.119833333333,1493,1489,1526,1492,0.696091015625,1.75911046875,0.04126259282,,"baseline","linear","AI",6000,2000,100,20,13,0,14,1,"random","mean",250,"baseline_linear_AI_2026090814",40,4000,0.690494791667,1.74397916667,0.0434312804099,
2026090815,0.116333333333,1518,1471,1460,1551,0.604092708333,1.51730223958,0.0614885509571,,"baseline","linear","AI",6000,2000,100,20,13,0,14,1,"random","mean",250,"baseline_linear_AI_2026090815",40,4000,0.594401041667,1.49226041667,0.0636552839784,
2026090816,0.109,1512,1498,1480,1510,0.602185286458,1.52300755208,0.06107095045,,"baseline","linear","AI",6000,2000,100,20,13,0,14,1,"random","mean",250,"baseline_linear_AI_2026090816",40,4000,0.602578125,1.527234375,0.0605905120963,
2026090817,0.149,1476,1544,1477,1503,0.598882421875,1.52244125,0.0602970148719,,"baseline","linear","AI",6000,2000,100,20,13,0,14,1,"random","mean",250,"baseline_linear_AI_2026090817",40,4000,0.614765625,1.563984375,0.0568231099272,
2026090818,0.1065,1564,1461,1489,1486,0.669052083333,1.68382333333,0.0531584028754,,"baseline","linear","AI",6000,2000,100,20,13,0,14,1,"random","mean",250,"baseline_linear_AI_2026090818",40,4000,0.664401041667,1.66760416667,0.054929099782,
2026090819,0.0871666666667,1515,1503,1515,1467,0.723788411458,1.82715317708,0.0384862886827,,"baseline","linear","AI",6000,2000,100,20,13,0,14,1,"random","mean",250,"baseline_linear_AI_2026090819",40,4000,0.722369791667,1.82597916667,0.0381563387854,
2026090820,0.0145,1501,1467,1581,1451,0.849685416667,2.15129557292,0.0184586222958,,"baseline","linear","AI",6000,2000,100,20,13,0,14,1,"random","mean",250,"baseline_linear_AI_2026090820",40,4000,0.845104166667,2.13954166667,0.0190122243322,
2026090821,0.0841666666667,1487,1541,1509,1463,0.69605390625,1.75564421875,0.0424014219829,,"baseline","linear","AI",6000,2000,100,20,13,0,14,1,"random","mean",250,"baseline_linear_AI_2026090821",40,4000,0.6794921875,1.712609375,0.0467922896889,
2026090822,0.0826666666667,1482,1462,1520,1536,0.675670182292,1.70030447917,0.0529474434518,,"baseline","linear","AI",6000,2000,100,20,13,0,14,1,"random","mean",250,"baseline_linear_AI_2026090822",40,4000,0.667239583333,1.68016145833,0.054049337902,
2026090823,0.066,1542,1468,1509,1481,0.748725130208,1.89419098958,0.0373846057,,"baseline","linear","AI",6000,2000,100,20,13,0,14,1,"random","mean",250,"baseline_linear_AI_2026090823",40,4000,0.752135416667,1.90491666667,0.0357282176602,
2026090824,0.1165,1479,1525,1484,1512,0.635789453125,1.61222796875,0.0514138153753,,"baseline","linear","AI",6000,2000,100,20,13,0,14,1,"random","mean",250,"baseline_linear_AI_2026090824",40,4000,0.632786458333,1.60277083333,0.0535449052106,
2026090825,0.106166666667,1536,1454,1509,1501,0.72907421875,1.83920671875,0.0379963335687,,"baseline","linear","AI",6000,2000,100,20,13,0,14,1,"random","mean",250,"baseline_linear_AI_2026090825",40,4000,0.7396875,1.86453125,0.0363831487163,
2026090826,0.115,1475,1550,1454,1521,0.700875911458,1.77504536458,0.0466993301309,,"baseline","linear","AI",6000,2000,100,20,13,0,14,1,"random","mean",250,"baseline_linear_AI_2026090826",40,4000,0.693854166667,1.75654166667,0.0498484529987,
2026090827,0.0756666666667,1490,1536,1505,1469,0.673419140625,1.70303203125,0.0478471878884,,"baseline","linear","AI",6000,2000,100,20,13,0,14,1,"random","mean",250,"baseline_linear_AI_2026090827",40,4000,0.670052083333,1.69236458333,0.0483320549127,
2026090828,0.127666666667,1504,1529,1538,1429,0.671545052083,1.68500536458,0.051374208895,,"baseline","linear","AI",6000,2000,100,20,13,0,14,1,"random","mean",250,"baseline_linear_AI_2026090828",40,4000,0.680703125,1.711578125,0.0481427693179,
2026090829,0.134333333333,1422,1543,1490,1545,0.600926171875,1.5230984375,0.0608265320381,,"baseline","linear","AI",6000,2000,100,20,13,0,14,1,"random","mean",250,"baseline_linear_AI_2026090829",40,4000,0.5990625,1.514421875,0.0618582284318,
2026090830,0.183166666667,1526,1504,1481,1489,0.632954166667,1.59436041667,0.0577222885451,,"baseline","linear","AI",6000,2000,100,20,13,0,14,1,"random","mean",250,"baseline_linear_AI_2026090830",40,4000,0.646966145833,1.63045833333,0.0546817166694,
2026090831,0.1065,1501,1542,1444,1513,0.68203828125,1.714069375,0.0460240468861,,"baseline","linear","AI",6000,2000,100,20,13,0,14,1,"random","mean",250,"baseline_linear_AI_2026090831",40,4000,0.68953125,1.733453125,0.0441313780181,
2026090900,0.227333333333,1487,1501,1473,1539,0.563842708333,1.07652005208,0.0842188330706,,"baseline","linear","MI",6000,2000,100,20,13,0,14,1,"random","mean",250,"baseline_linear_MI_2026090900",40,4000,0.565182291667,1.07274479167,0.0800720436917,
2026090901,0.235666666667,1510,1421,1565,1504,0.554382161458,1.06544083333,0.086678302026,,"baseline","linear","MI",6000,2000,100,20,13,0,14,1,"random","mean",250,"baseline_linear_MI_2026090901",40,4000,0.555872395833,1.07197395833,0.0872614662345,
2026090902,0.2375,1562,1464,1500,1474,0.534381510417,1.02485197917,0.0905460540324,,"baseline","linear","MI",6000,2000,100,20,13,0,14,1,"random","mean",250,"baseline_linear_MI_2026090902",40,4000,0.520104166667,1.00057291667,0.0937657525031,
2026090903,0.2685,1485,1512,1546,1457,0.508812760417,0.979667604167,0.0973323175574,,"baseline","linear","MI",6000,2000,100,20,13,0,14,1,"random","mean",250,"baseline_linear_MI_2026090903",40,4000,0.51515625,0.989484375,0.0946710935514,
2026090904,0.221333333333,1500,1509,1481,1510,0.553447395833,1.07125817708,0.0904312275578,,"baseline","linear","MI",6000,2000,100,20,13,0,14,1,"random","mean",250,"baseline_linear_MI_2026090904",40,4000,0.5669921875,1.09971875,0.0887016817315,
2026090905,0.210166666667,1438,1528,1529,1505,0.646287760417,1.23535385417,0.0663144476125,,"baseline","linear","MI",6000,2000,100,20,13,0,14,1,"random","mean",250,"baseline_linear_MI_2026090905",40,4000,0.658229166667,1.25968229167,0.0643333801505,
2026090906,0.195,1520,1513,1507,1460,0.572125,1.0956790625,0.0828238947652,,"baseline","linear","MI",6000,2000,100,20,13,0,14,1,"random","mean",250,"baseline_linear_MI_2026090906",40,4000,0.559244791667,1.07446354167,0.0878394447459,
2026090907,0.264,1468,1500,1531,1501,0.55196484375,1.0576453125,0.0875356831894,,"baseline","linear","MI",6000,2000,100,20,13,0,14,1,"random","mean",250,"baseline_linear_MI_2026090907",40,4000,0.527747395833,1.01327083333,0.0918680415435,
2026090908,0.229333333333,1536,1508,1526,1430,0.56791875,1.0893659375,0.083361301314,,"baseline","linear","MI",6000,2000,100,20,13,0,14,1,"random","mean",250,"baseline_linear_MI_2026090908",40,4000,0.5706640625,1.0859375,0.0791140674526,
2026090909,0.192,1521,1537,1557,1385,0.540314973958,1.04792270833,0.0879254177404,,"baseline","linear","MI",6000,2000,100,20,13,0,14,1,"random","mean",250,"baseline_linear_MI_2026090909",40,4000,0.5374609375,1.043765625,0.0889977772483,
2026090910,0.1065,1454,1501,1520,1525,0.670910807292,1.28422635417,0.0567379448484,,"baseline","linear","MI",6000,2000,100,20,13,0,14,1,"random","mean",250,"baseline_linear_MI_2026090910",40,4000,0.677395833333,1.29517708333,0.0551063469198,
2026090911,0.195166666667,1531,1511,1491,1467,0.575741666667,1.10626182292,0.0809870179992,,"baseline","linear","MI",6000,2000,100,20,13,0,14,1,"random","mean",250,"baseline_linear_MI_2026090911",40,4000,0.578763020833,1.10867708333,0.0810345996453,
2026090912,0.271166666667,1472,1519,1531,1478,0.520503645833,0.998036145833,0.0945735982593,,"baseline","linear","MI",6000,2000,100,20,13,0,14,1,"random","mean",250,"baseline_linear_MI_2026090912",40,4000,0.528229166667,1.01218229167,0.0907099702217,
2026090913,0.228,1503,1495,1488,1514,0.523638151042,1.00469885417,0.0934498750689,,"baseline","linear","MI",6000,2000,100,20,13,0,14,1,"random","mean",250,"baseline_linear_MI_2026090913",40,4000,0.5025,0.969671875,0.0975052270709,
2026090914,0.24,1451,1444,1527,1578,0.527666145833,1.00436911458,0.0931500410386,,"baseline","linear","MI",6000,2000,100,20,13,0,14,1,"random","mean",250,"baseline_linear_MI_2026090914",40,4000,0.5215234375,0.98528125,0.0922162497215,
2026090915,0.282666666667,1555,1492,1458,1495,0.505764583333,0.972670052083,0.0980051987894,,"baseline","linear","MI",6000,2000,100,20,13,0,14,1,"random","mean",250,"baseline_linear_MI_2026090915",40,4000,0.500091145833,0.965989583333,0.100024730068,
2026090916,0.239333333333,1489,1542,1451,1518,0.527772526042,1.01734119792,0.0929563346378,,"baseline","linear","MI",6000,2000,100,20,13,0,14,1,"random","mean",250,"baseline_linear_MI_2026090916",40,4000,0.523763020833,1.01241145833,0.0937735897363,
2026090917,0.23,1510,1482,1533,1475,0.563036979167,1.08130385417,0.083877800654,,"baseline","linear","MI",6000,2000,100,20,13,0,14,1,"random","mean",250,"baseline_linear_MI_2026090917",40,4000,0.573606770833,1.09763020833,0.0819476451948,
2026090918,0.199333333333,1550,1506,1453,1491,0.582863671875,1.1185953125,0.0804036902364,,"baseline","linear","MI",6000,2000,100,20,13,0,14,1,"random","mean",250,"baseline_linear_MI_2026090918",40,4000,0.579856770833,1.11167708333,0.0816636070056,
2026090919,0.0925,1564,1425,1470,1541,0.687002604167,1.31470963542,0.0544571473246,,"baseline","linear","MI",6000,2000,100,20,13,0,14,1,"random","mean",250,"baseline_linear_MI_2026090919",40,4000,0.689986979167,1.31819791667,0.0540424616184,
2026090920,0.195166666667,1524,1477,1507,1492,0.545034244792,1.04691916667,0.0897821267395,,"baseline","linear","MI",6000,2000,100,20,13,0,14,1,"random","mean",250,"baseline_linear_MI_2026090920",40,4000,0.551979166667,1.06321354167,0.0887866585939,
2026090921,0.181,1527,1450,1525,1498,0.626460026042,1.19590088542,0.0720291726273,,"baseline","linear","MI",6000,2000,100,20,13,0,14,1,"random","mean",250,"baseline_linear_MI_2026090921",40,4000,0.6163671875,1.179015625,0.075214151042,
2026090922,0.250333333333,1493,1543,1498,1466,0.522276302083,1.00133395833,0.0935514126198,,"baseline","linear","MI",6000,2000,100,20,13,0,14,1,"random","mean",250,"baseline_linear_MI_2026090922",40,4000,0.536640625,1.022390625,0.0896581820804,
2026090923,0.236333333333,1470,1469,1527,1534,0.540968619792,1.03502979167,0.0889057601382,,"baseline","linear","MI",6000,2000,100,20,13,0,14,1,"random","mean",250,"baseline_linear_MI_2026090923",40,4000,0.518971354167,0.994885416667,0.0955711306884,
2026090924,0.210666666667,1475,1519,1512,1494,0.574704817708,1.09838911458,0.079975670082,,"baseline","linear","MI",6000,2000,100,20,13,0,14,1,"random","mean",250,"baseline_linear_MI_2026090924",40,4000,0.572356770833,1.09313020833,0.0800333691345,
2026090925,0.240166666667,1477,1511,1484,1528,0.543502213542,1.04209807292,0.0886592680241,,"baseline","linear","MI",6000,2000,100,20,13,0,14,1,"random","mean",250,"baseline_linear_MI_2026090925",40,4000,0.547721354167,1.04985416667,0.0878127129201,
2026090926,0.182166666667,1489,1489,1539,1483,0.566308984375,1.0821525,0.0810820618736,,"baseline","linear","MI",6000,2000,100,20,13,0,14,1,"random","mean",250,"baseline_linear_MI_2026090926",40,4000,0.54703125,1.044328125,0.0844764339463,
2026090927,0.2515,1465,1568,1438,1529,0.539286067708,1.03462177083,0.089031729234,,"baseline","linear","MI",6000,2000,100,20,13,0,14,1,"random","mean",250,"baseline_linear_MI_2026090927",40,4000,0.543997395833,1.03759895833,0.0850330950058,
2026090928,0.236833333333,1537,1524,1489,1450,0.558956770833,1.07746895833,0.0855241970313,,"baseline","linear","MI",6000,2000,100,20,13,0,14,1,"random","mean",250,"baseline_linear_MI_2026090928",40,4000,0.555481770833,1.06902083333,0.0858959459214,
2026090929,0.180333333333,1548,1538,1448,1466,0.5600546875,1.07255265625,0.0855851936669,,"baseline","linear","MI",6000,2000,100,20,13,0,14,1,"random","mean",250,"baseline_linear_MI_2026090929",40,4000,0.5622265625,1.07440625,0.0836863496816,
2026090930,0.252166666667,1491,1442,1528,1539,0.545235286458,1.04850208333,0.0893382124684,,"baseline","linear","MI",6000,2000,100,20,13,0,14,1,"random","mean",250,"baseline_linear_MI_2026090930",40,4000,0.5571875,1.07290625,0.0862381283771,
2026090931,0.204166666667,1491,1526,1477,1506,0.602261979167,1.15411588542,0.0759061092549,,"baseline","linear","MI",6000,2000,100,20,13,0,14,1,"random","mean",250,"baseline_linear_MI_2026090931",40,4000,0.5805078125,1.111875,0.0799429275833,
2026100700,0.004,1510,1476,1537,1477,0.584760546875,0.248572786458,0.00855059007188,1,"baseline","threshold","FE",6000,2000,100,20,13,18,94,1,"random","mean",250,"baseline_threshold_FE_2026100700",40,4000,0.585143229167,0.248190104167,0.00843982775386,1
2026100701,0.0253333333333,1475,1525,1475,1525,0.503935807292,0.308762109375,0.00448809132752,0.9752375,"baseline","threshold","FE",6000,2000,100,20,13,18,94,1,"random","mean",250,"baseline_threshold_FE_2026100701",40,4000,0.503932291667,0.306484375,0.00441695712422,0.9725
2026100702,0.00666666666667,1492,1531,1495,1482,0.711525260417,0.121808072917,0.00300125448531,1,"baseline","threshold","FE",6000,2000,100,20,13,18,94,1,"random","mean",250,"baseline_threshold_FE_2026100702",40,4000,0.711549479167,0.121783854167,0.00305344980032,1
2026100703,0.0095,1518,1498,1458,1526,0.577313932292,0.256019401042,0.00635472337426,1,"baseline","threshold","FE",6000,2000,100,20,13,18,94,1,"random","mean",250,"baseline_threshold_FE_2026100703",40,4000,0.576328125,0.257005208333,0.00639060983694,1
2026100704,0.0106666666667,1442,1576,1524,1458,0.650068880208,0.182108203125,0.0101613191688,0.9986125,"baseline","threshold","FE",6000,2000,100,20,13,18,94,1,"random","mean",250,"baseline_threshold_FE_2026100704",40,4000,0.649986979167,0.1823046875,0.0101758195762,0.99875
2026100705,0.00766666666667,1487,1560,1479,1474,0.496980729167,0.253415104167,0.0112372127394,0.900475,"baseline","threshold","FE",6000,2000,100,20,13,18,94,1,"random","mean",250,"baseline_threshold_FE_2026100705",40,4000,0.496861979167,0.253138020833,0.0111663877089,0.9
2026100706,0.00666666666667,1491,1496,1516,1497,0.624129947917,0.209203385417,0.0160499618289,1,"baseline","threshold","FE",6000,2000,100,20,13,18,94,1,"random","mean",250,"baseline_threshold_FE_2026100706",40,4000,0.623997395833,0.2093359375,0.0161317575461,1
2026100707,0.00766666666667,1521,1482,1511,1486,0.501834765625,0.281029817708,0.0156520140469,0.9394375,"baseline","threshold","FE",6000,2000,100,20,13,18,94,1,"random","mean",250,"baseline_threshold_FE_2026100707",40,4000,0.501822916667,0.279427083333,0.015636319991,0.9375
2026100708,0.0135,1538,1505,1421,1536,0.552290364583,0.280688802083,0.00805578905556,0.999575,"baseline","threshold","FE",6000,2000,100,20,13,18,94,1,"random","mean",250,"baseline_threshold_FE_2026100708",40,4000,0.552291666667,0.28,0.00830613676111,0.99875
2026100709,0.00716666666667,1527,1508,1497,1468,0.629571875,0.203761458333,0.009930718293,1,"baseline","threshold","FE",6000,2000,100,20,13,18,94,1,"random","mean",250,"baseline_threshold_FE_2026100709",40,4000,0.630598958333,0.202734375,0.00989023986918,1
2026100710,0.00666666666667,1542,1501,1452,1505,0.599013020833,0.205549479167,0.0136184684659,0.965475,"baseline","threshold","FE",6000,2000,100,20,13,18,94,1,"random","mean",250,"baseline_threshold_FE_2026100710",40,4000,0.598515625,0.206692708333,0.01346705883,0.96625
2026100711,0.00816666666667,1496,1507,1474,1523,0.57630390625,0.25150859375,0.010982660121,0.993375,"baseline","threshold","FE",6000,2000,100,20,13,18,94,1,"random","mean",250,"baseline_threshold_FE_2026100711",40,4000,0.576328125,0.250755208333,0.0108980961975,0.9925
2026100712,0.0143333333333,1542,1525,1474,1459,0.709950520833,0.1233828125,0.00591121947403,1,"baseline","threshold","FE",6000,2000,100,20,13,18,94,1,"random","mean",250,"baseline_threshold_FE_2026100712",40,4000,0.709778645833,0.1235546875,0.00574136173188,1
2026100713,0.0165,1530,1486,1501,1483,0.5024171875,0.2632703125,0.00949362112746,0.918825,"baseline","threshold","FE",6000,2000,100,20,13,18,94,1,"random","mean",250,"baseline_threshold_FE_2026100713",40,4000,0.5023046875,0.2633203125,0.00948786318713,0.91875
2026100714,0.00816666666667,1437,1514,1531,1518,0.524951302083,0.304277864583,0.0106791288271,0.995075,"baseline","threshold","FE",6000,2000,100,20,13,18,94,1,"random","mean",250,"baseline_threshold_FE_2026100714",40,4000,0.5246484375,0.304518229167,0.0107831375758,0.995
2026100715,0.00516666666667,1579,1474,1419,1528,0.712,0.121333333333,0.00722201772846,1,"baseline","threshold","FE",6000,2000,100,20,13,18,94,1,"random","mean",250,"baseline_threshold_FE_2026100715",40,4000,0.712161458333,0.121171875,0.00719601630624,1
2026100716,0.00783333333333,1445,1470,1492,1593,0.531569401042,0.260097265625,0.0168075056293,0.95,"baseline","threshold","FE",6000,2000,100,20,13,18,94,1,"random","mean",250,"baseline_threshold_FE_2026100716",40,4000,0.5315625,0.260104166667,0.0166951612261,0.95
2026100717,0.00766666666667,1475,1545,1463,1517,0.4493,0.1802625,0.0190637719014,0.755475,"baseline","threshold","FE",6000,2000,100,20,13,18,94,1,"random","mean",250,"baseline_threshold_FE_2026100717",40,4000,0.449765625,0.182526041667,0.0183331797562,0.75875
2026100718,0.015,1533,1528,1471,1468,0.567557161458,0.264234505208,0.0111377158089,0.99815,"baseline","threshold","FE",6000,2000,100,20,13,18,94,1,"random","mean",250,"baseline_threshold_FE_2026100718",40,4000,0.566640625,0.263567708333,0.0111815993363,0.99625
2026100719,0.0035,1486,1518,1516,1480,0.614354296875,0.218979036458,0.00685584831776,1,"baseline","threshold","FE",6000,2000,100,20,13,18,94,1,"random","mean",250,"baseline_threshold_FE_2026100719",40,4000,0.614361979167,0.218971354167,0.00683995635955,1
2026100720,0.0145,1492,1538,1483,1487,0.530192447917,0.303140885417,0.00802096559231,1,"baseline","threshold","FE",6000,2000,100,20,13,18,94,1,"random","mean",250,"baseline_threshold_FE_2026100720",40,4000,0.530208333333,0.303125,0.00801751407813,1
2026100721,0.0158333333333,1476,1496,1496,1532,0.511046223958,0.308693359375,0.00410715046372,0.9836875,"baseline","threshold","FE",6000,2000,100,20,13,18,94,1,"random","mean",250,"baseline_threshold_FE_2026100721",40,4000,0.509739583333,0.310052083333,0.00419430775211,0.98375
2026100722,0.011,1514,1433,1515,1538,0.584985546875,0.248347786458,0.00521067801118,1,"baseline","threshold","FE",6000,2000,100,20,13,18,94,1,"random","mean",250,"baseline_threshold_FE_2026100722",40,4000,0.585416666667,0.247916666667,0.00501526992135,1
2026100723,0.00616666666667,1497,1477,1543,1483,0.531801822917,0.301531510417,0.0160472461249,1,"baseline","threshold","FE",6000,2000,100,20,13,18,94,1,"random","mean",250,"baseline_threshold_FE_2026100723",40,4000,0.531809895833,0.3015234375,0.0159770041761,1
2026100724,0.00833333333333,1484,1507,1525,1484,0.557096354167,0.258091145833,0.0199901097391,0.978225,"baseline","threshold","FE",6000,2000,100,20,13,18,94,1,"random","mean",250,"baseline_threshold_FE_2026100724",40,4000,0.557838541667,0.258828125,0.0193487261313,0.98
2026100725,0.0115,1483,1475,1510,1532,0.2313,-0.2313,0.0106700702728,0,"baseline","threshold","FE",6000,2000,100,20,13,18,94,1,"random","mean",250,"baseline_threshold_FE_2026100725",40,4000,0.230794270833,-0.230794270833,0.0105051800201,0
2026100726,0.00716666666667,1568,1452,1493,1487,0.661025390625,0.172307942708,0.00555107698239,1,"baseline","threshold","FE",6000,2000,100,20,13,18,94,1,"random","mean",250,"baseline_threshold_FE_2026100726",40,4000,0.6612109375,0.172122395833,0.00538343371207,1
2026100727,0.0108333333333,1518,1421,1560,1501,0.560469661458,0.231197005208,0.011783627672,0.95,"baseline","threshold","FE",6000,2000,100,20,13,18,94,1,"random","mean",250,"baseline_threshold_FE_2026100727",40,4000,0.560638020833,0.231028645833,0.0117632056502,0.95
2026100728,0.00866666666667,1477,1502,1547,1474,0.540544791667,0.263465625,0.0264103323697,0.9648125,"baseline","threshold","FE",6000,2000,100,20,13,18,94,1,"random","mean",250,"baseline_threshold_FE_2026100728",40,4000,0.538971354167,0.266236979167,0.0260473269732,0.96625
2026100729,0.008,1535,1414,1521,1530,0.555995703125,0.235254296875,0.0106786362965,0.9495,"baseline","threshold","FE",6000,2000,100,20,13,18,94,1,"random","mean",250,"baseline_threshold_FE_2026100729",40,4000,0.555416666667,0.235208333333,0.0107966435899,0.94875
2026100730,0.00816666666667,1474,1468,1563,1495,0.501528776042,0.267783723958,0.01685715314,0.923175,"baseline","threshold","FE",6000,2000,100,20,13,18,94,1,"random","mean",250,"baseline_threshold_FE_2026100730",40,4000,0.5013671875,0.2673828125,0.0168283502783,0.9225
2026100731,0.0118333333333,1496,1522,1500,1482,0.568770442708,0.259896223958,0.0139870074286,0.9944,"baseline","threshold","FE",6000,2000,100,20,13,18,94,1,"random","mean",250,"baseline_threshold_FE_2026100731",40,4000,0.568606770833,0.259518229167,0.0139887195958,0.99375
2026100800,0.0155,1446,1536,1545,1473,0.55062421875,0.266646614583,0.0991189547631,0.980725,"baseline","threshold","AI",6000,2000,100,20,13,18,94,1,"random","mean",250,"baseline_threshold_AI_2026100800",40,4000,0.550208333333,0.266458333333,0.0990739202212,0.98
2026100801,0.0213333333333,1498,1480,1487,1535,0.595042447917,0.170884635417,0.111130195839,0.9191125,"baseline","threshold","AI",6000,2000,100,20,13,18,94,1,"random","mean",250,"baseline_threshold_AI_2026100801",40,4000,0.593268229167,0.171315104167,0.10946652091,0.9175
2026100802,0.0085,1546,1519,1422,1513,0.567829427083,0.225212239583,0.106956205633,0.95165,"baseline","threshold","AI",6000,2000,100,20,13,18,94,1,"random","mean",250,"baseline_threshold_AI_2026100802",40,4000,0.567395833333,0.2253125,0.107212611211,0.95125
2026100803,0.0318333333333,1503,1421,1579,1497,0.198559375,-0.0911322916667,0.249459348258,0.1289125,"baseline","threshold","AI",6000,2000,100,20,13,18,94,1,"random","mean",250,"baseline_threshold_AI_2026100803",40,4000,0.180065104167,-0.0988151041667,0.253826294162,0.0975
2026100804,0.0141666666667,1468,1544,1520,1468,0.569384375,0.228584375,0.100520867325,0.9575625,"baseline","threshold","AI",6000,2000,100,20,13,18,94,1,"random","mean",250,"baseline_threshold_AI_2026100804",40,4000,0.569453125,0.228463541667,0.100473784962,0.9575
2026100805,0.0453333333333,1486,1494,1503,1517,0.338737109375,-0.151122526042,0.229538971039,0.2251375,"baseline","threshold","AI",6000,2000,100,20,13,18,94,1,"random","mean",250,"baseline_threshold_AI_2026100805",40,4000,0.33421875,-0.151927083333,0.22882841577,0.21875
2026100806,0.0111666666667,1425,1567,1486,1522,0.520005078125,0.309203255208,0.0940722955019,0.99505,"baseline","threshold","AI",6000,2000,100,20,13,18,94,1,"random","mean",250,"baseline_threshold_AI_2026100806",40,4000,0.519791666667,0.309375,0.0941741565416,0.995
2026100807,0.0206666666667,1504,1521,1465,1510,0.495228776042,0.293364973958,0.108012368595,0.9463125,"baseline","threshold","AI",6000,2000,100,20,13,18,94,1,"random","mean",250,"baseline_threshold_AI_2026100807",40,4000,0.495546875,0.295078125,0.107409392983,0.94875
2026100808,0.019,1482,1534,1519,1465,0.547430859375,0.233819140625,0.107759588979,0.9375,"baseline","threshold","AI",6000,2000,100,20,13,18,94,1,"random","mean",250,"baseline_threshold_AI_2026100808",40,4000,0.555416666667,0.245625,0.103983892883,0.96125
2026100809,0.0085,1471,1473,1585,1471,0.66424375,0.169089583333,0.072650009736,1,"baseline","threshold","AI",6000,2000,100,20,13,18,94,1,"random","mean",250,"baseline_threshold_AI_2026100809",40,4000,0.6644140625,0.168919270833,0.0725419180992,1
2026100810,0.0128333333333,1555,1469,1443,1533,0.581541666667,0.251791666667,0.0851325374402,1,"baseline","threshold","AI",6000,2000,100,20,13,18,94,1,"random","mean",250,"baseline_threshold_AI_2026100810",40,4000,0.581744791667,0.251588541667,0.0850646101201,1
2026100811,0.0151666666667,1466,1437,1549,1548,0.317371484375,-0.157246484375,0.226967697526,0.19215,"baseline","threshold","AI",6000,2000,100,20,13,18,94,1,"random","mean",250,"baseline_threshold_AI_2026100811",40,4000,0.32203125,-0.149114583333,0.224108411317,0.2075
2026100812,0.0161666666667,1526,1477,1521,1476,0.441715364583,0.0636700520833,0.15918095496,0.6064625,"baseline","threshold","AI",6000,2000,100,20,13,18,94,1,"random","mean",250,"baseline_threshold_AI_2026100812",40,4000,0.4494140625,0.0693359375,0.156438623417,0.6225
2026100813,0.00666666666667,1466,1530,1506,1498,0.548658723958,0.263872526042,0.0974320463797,0.9750375,"baseline","threshold","AI",6000,2000,100,20,13,18,94,1,"random","mean",250,"baseline_threshold_AI_2026100813",40,4000,0.549049479167,0.2644921875,0.0972738510199,0.97625
2026100814,0.0138333333333,1488,1505,1488,1519,0.5076484375,0.277247395833,0.107732254694,0.941875,"baseline","threshold","AI",6000,2000,100,20,13,18,94,1,"random","mean",250,"baseline_threshold_AI_2026100814",40,4000,0.508125,0.27625,0.107468118036,0.94125
2026100815,0.044,1541,1552,1413,1494,0.212856510417,-0.177179427083,0.257198370972,0.0428125,"baseline","threshold","AI",6000,2000,100,20,13,18,94,1,"random","mean",250,"baseline_threshold_AI_2026100815",40,4000,0.212760416667,-0.16796875,0.255641964275,0.05375
2026100816,0.0085,1455,1551,1482,1512,0.64221328125,0.183203385417,0.0841661853826,0.9905,"baseline","threshold","AI",6000,2000,100,20,13,18,94,1,"random","mean",250,"baseline_threshold_AI_2026100816",40,4000,0.641979166667,0.183020833333,0.0842662011965,0.99
2026100817,0.053,1450,1492,1514,1544,0.47306015625,0.00101276041667,0.184704381827,0.5688875,"baseline","threshold","AI",6000,2000,100,20,13,18,94,1,"random","mean",250,"baseline_threshold_AI_2026100817",40,4000,0.477708333333,0.0233333333333,0.178459147002,0.60125
2026100818,0.0183333333333,1530,1517,1496,1457,0.5643453125,0.2598421875,0.0952454633601,0.989025,"baseline","threshold","AI",6000,2000,100,20,13,18,94,1,"random","mean",250,"baseline_threshold_AI_2026100818",40,4000,0.564140625,0.260859375,0.095046351142,0.99
2026100819,0.0158333333333,1473,1512,1533,1482,0.233012890625,-0.217960807292,0.254903667467,0.0180625,"baseline","threshold","AI",6000,2000,100,20,13,18,94,1,"random","mean",250,"baseline_threshold_AI_2026100819",40,4000,0.2343359375,-0.216627604167,0.254170174536,0.02125
2026100820,0.00666666666667,1590,1498,1473,1439,0.584500260417,0.248833072917,0.0830566447529,1,"baseline","threshold","AI",6000,2000,100,20,13,18,94,1,"random","mean",250,"baseline_threshold_AI_2026100820",40,4000,0.584479166667,0.248854166667,0.0830681296787,1
2026100821,0.0135,1532,1557,1493,1418,0.571144401042,0.238282682292,0.0975761831953,0.9713125,"baseline","threshold","AI",6000,2000,100,20,13,18,94,1,"random","mean",250,"baseline_threshold_AI_2026100821",40,4000,0.571497395833,0.238919270833,0.0972477647297,0.9725
2026100822,0.0103333333333,1470,1550,1555,1425,0.537920833333,0.254516666667,0.10611658619,0.950925,"baseline","threshold","AI",6000,2000,100,20,13,18,94,1,"random","mean",250,"baseline_threshold_AI_2026100822",40,4000,0.5376953125,0.2529296875,0.10668445355,0.94875
2026100823,0.0181666666667,1510,1503,1489,1498,0.587045833333,0.2462875,0.0830365362216,1,"baseline","threshold","AI",6000,2000,100,20,13,18,94,1,"random","mean",250,"baseline_threshold_AI_2026100823",40,4000,0.587057291667,0.246276041667,0.0830661170736,1
2026100824,0.0158333333333,1518,1501,1479,1502,0.529781640625,0.303551692708,0.101365743915,1,"baseline","threshold","AI",6000,2000,100,20,13,18,94,1,"random","mean",250,"baseline_threshold_AI_2026100824",40,4000,0.5303515625,0.302981770833,0.101092667386,1
2026100825,0.0138333333333,1515,1512,1430,1543,0.496687630208,0.294979036458,0.114064813606,0.95,"baseline","threshold","AI",6000,2000,100,20,13,18,94,1,"random","mean",250,"baseline_threshold_AI_2026100825",40,4000,0.4966015625,0.295065104167,0.114082612222,0.95
2026100826,0.0306666666667,1527,1526,1443,1504,0.319857682292,0.0428819010417,0.19734184149,0.4352875,"baseline","threshold","AI",6000,2000,100,20,13,18,94,1,"random","mean",250,"baseline_threshold_AI_2026100826",40,4000,0.318763020833,0.0416536458333,0.197222089315,0.4325
2026100827,0.0163333333333,1542,1486,1433,1539,0.501883072917,0.247669010417,0.125163685449,0.8994625,"baseline","threshold","AI",6000,2000,100,20,13,18,94,1,"random","mean",250,"baseline_threshold_AI_2026100827",40,4000,0.500924479167,0.2469921875,0.125629328136,0.8975
2026100828,0.0221666666667,1529,1471,1527,1473,0.569143489583,0.18150234375,0.110212930038,0.900775,"baseline","threshold","AI",6000,2000,100,20,13,18,94,1,"random","mean",250,"baseline_threshold_AI_2026100828",40,4000,0.569518229167,0.1783984375,0.111679926001,0.8975
2026100829,0.029,1480,1503,1490,1527,0.518541276042,0.127000390625,0.142997399301,0.77465,"baseline","threshold","AI",6000,2000,100,20,13,18,94,1,"random","mean",250,"baseline_threshold_AI_2026100829",40,4000,0.5273828125,0.148658854167,0.135907221309,0.81125
2026100830,0.0125,1511,1495,1462,1532,0.512626171875,0.272957161458,0.102276447877,0.9427,"baseline","threshold","AI",6000,2000,100,20,13,18,94,1,"random","mean",250,"baseline_threshold_AI_2026100830",40,4000,0.511901041667,0.272473958333,0.102801302951,0.94125
2026100831,0.0118333333333,1473,1473,1502,1552,0.560478645833,0.2372921875,0.102609907739,0.957325,"baseline","threshold","AI",6000,2000,100,20,13,18,94,1,"random","mean",250,"baseline_threshold_AI_2026100831",40,4000,0.560130208333,0.237786458333,0.102800748686,0.9575
2026100900,0.0095,1447,1479,1536,1538,0.500741927083,0.31965390625,0.0970411880054,0.984475,"baseline","threshold","MI",6000,2000,100,20,13,18,94,1,"random","mean",250,"baseline_threshold_MI_2026100900",40,4000,0.500794270833,0.321080729167,0.0967101691062,0.98625
2026100901,0.01,1510,1501,1514,1475,0.49494140625,0.296725260417,0.106066596366,0.95,"baseline","threshold","MI",6000,2000,100,20,13,18,94,1,"random","mean",250,"baseline_threshold_MI_2026100901",40,4000,0.4949609375,0.296705729167,0.10607299453,0.95
2026100902,0.0085,1484,1478,1490,1548,0.526397135417,0.306936197917,0.0973535802023,1,"baseline","threshold","MI",6000,2000,100,20,13,18,94,1,"random","mean",250,"baseline_threshold_MI_2026100902",40,4000,0.526341145833,0.3069921875,0.0973515250792,1
2026100903,0.011,1485,1458,1544,1513,0.53989453125,0.25169921875,0.102964475929,0.9499125,"baseline","threshold","MI",6000,2000,100,20,13,18,94,1,"random","mean",250,"baseline_threshold_MI_2026100903",40,4000,0.540169270833,0.251497395833,0.102866605614,0.95
2026100904,0.0108333333333,1504,1457,1509,1530,0.531728776042,0.258094140625,0.113983185461,0.9477875,"baseline","threshold","MI",6000,2000,100,20,13,18,94,1,"random","mean",250,"baseline_threshold_MI_2026100904",40,4000,0.532096354167,0.258528645833,0.113676069442,0.94875
2026100905,0.00733333333333,1484,1488,1533,1495,0.497981770833,0.3227890625,0.104494803858,0.984925,"baseline","threshold","MI",6000,2000,100,20,13,18,94,1,"random","mean",250,"baseline_threshold_MI_2026100905",40,4000,0.498020833333,0.3228125,0.104350765025,0.985
2026100906,0.0225,1498,1439,1539,1524,0.648753255208,0.184580078125,0.0796083692181,1,"baseline","threshold","MI",6000,2000,100,20,13,18,94,1,"random","mean",250,"baseline_threshold_MI_2026100906",40,4000,0.649192708333,0.184140625,0.0795039419805,1
2026100907,0.0425,1529,1452,1542,1477,0.473907421875,0.118925911458,0.164741289617,0.7114,"baseline","threshold","MI",6000,2000,100,20,13,18,94,1,"random","mean",250,"baseline_threshold_MI_2026100907",40,4000,0.456471354167,0.1070703125,0.172659155833,0.67625
2026100908,0.0145,1557,1533,1430,1480,0.494818229167,0.2956296875,0.107914193504,0.9485375,"baseline","threshold","MI",6000,2000,100,20,13,18,94,1,"random","mean",250,"baseline_threshold_MI_2026100908",40,4000,0.495065104167,0.2966015625,0.107596933117,0.95
2026100909,0.009,1487,1512,1481,1520,0.57604140625,0.252948177083,0.0892052187601,0.9947875,"baseline","threshold","MI",6000,2000,100,20,13,18,94,1,"random","mean",250,"baseline_threshold_MI_2026100909",40,4000,0.576861979167,0.253346354167,0.0885682385844,0.99625
2026100910,0.0116666666667,1520,1492,1475,1513,0.57160078125,0.24971171875,0.0926173820131,0.985575,"baseline","threshold","MI",6000,2000,100,20,13,18,94,1,"random","mean",250,"baseline_threshold_MI_2026100910",40,4000,0.5723828125,0.250533854167,0.0922319720661,0.9875
2026100911,0.00783333333333,1526,1496,1466,1512,0.542796614583,0.243703385417,0.108843813412,0.9438,"baseline","threshold","MI",6000,2000,100,20,13,18,94,1,"random","mean",250,"baseline_threshold_MI_2026100911",40,4000,0.54265625,0.243802083333,0.108827626549,0.94375
2026100912,0.016,1488,1489,1558,1465,0.6355921875,0.171418229167,0.091233972776,0.9684125,"baseline","threshold","MI",6000,2000,100,20,13,18,94,1,"random","mean",250,"baseline_threshold_MI_2026100912",40,4000,0.636484375,0.170807291667,0.0907072246561,0.96875
2026100913,0.022,1519,1476,1540,1465,0.505472005208,0.285965494792,0.109453441132,0.949725,"baseline","threshold","MI",6000,2000,100,20,13,18,94,1,"random","mean",250,"baseline_threshold_MI_2026100913",40,4000,0.503346354167,0.287278645833,0.109784614963,0.94875
2026100914,0.0106666666667,1596,1453,1490,1461,0.232979166667,-0.0738020833333,0.230240386624,0.1910125,"baseline","threshold","MI",6000,2000,100,20,13,18,94,1,"random","mean",250,"baseline_threshold_MI_2026100914",40,4000,0.238841145833,-0.0659244791667,0.2278362572,0.2075
2026100915,0.0203333333333,1535,1487,1461,1517,0.509262109375,0.307071223958,0.106159824692,0.9796,"baseline","threshold","MI",6000,2000,100,20,13,18,94,1,"random","mean",250,"baseline_threshold_MI_2026100915",40,4000,0.509205729167,0.3074609375,0.105751906651,0.98
2026100916,0.0113333333333,1481,1499,1500,1520,0.558943098958,0.250890234375,0.0958795307742,0.9718,"baseline","threshold","MI",6000,2000,100,20,13,18,94,1,"random","mean",250,"baseline_threshold_MI_2026100916",40,4000,0.558346354167,0.2520703125,0.0956200675757,0.9725
2026100917,0.0165,1518,1461,1503,1518,0.508168619792,0.292820963542,0.109191853382,0.9611875,"baseline","threshold","MI",6000,2000,100,20,13,18,94,1,"random","mean",250,"baseline_threshold_MI_2026100917",40,4000,0.5078515625,0.290065104167,0.10952373363,0.9575
2026100918,0.00766666666667,1438,1579,1478,1505,0.255377213542,-0.255377213542,0.263389902356,0,"baseline","threshold","MI",6000,2000,100,20,13,18,94,1,"random","mean",250,"baseline_threshold_MI_2026100918",40,4000,0.2541796875,-0.2541796875,0.263912411925,0
2026100919,0.01,1515,1526,1476,1483,0.139024479167,-0.1310140625,0.264915125163,0.0096125,"baseline","threshold","MI",6000,2000,100,20,13,18,94,1,"random","mean",250,"baseline_threshold_MI_2026100919",40,4000,0.149622395833,-0.1256640625,0.261232907013,0.02875
2026100920,0.0095,1491,1524,1510,1475,0.500162369792,0.326358463542,0.111108367368,0.991825,"baseline","threshold","MI",6000,2000,100,20,13,18,94,1,"random","mean",250,"baseline_threshold_MI_2026100920",40,4000,0.500299479167,0.326783854167,0.111011785137,0.9925
2026100921,0.0156666666667,1503,1521,1464,1512,0.50367890625,0.323904427083,0.0954543015953,0.9931,"baseline","threshold","MI",6000,2000,100,20,13,18,94,1,"random","mean",250,"baseline_threshold_MI_2026100921",40,4000,0.502526041667,0.323515625,0.0958129348201,0.99125
2026100922,0.00566666666667,1473,1527,1509,1491,0.477012369792,0.294206380208,0.131943627234,0.9254625,"baseline","threshold","MI",6000,2000,100,20,13,18,94,1,"random","mean",250,"baseline_threshold_MI_2026100922",40,4000,0.477526041667,0.293307291667,0.131576387509,0.925
2026100923,0.0156666666667,1479,1456,1549,1516,0.578769010417,0.227658072917,0.0953330686022,0.9677125,"baseline","threshold","MI",6000,2000,100,20,13,18,94,1,"random","mean",250,"baseline_threshold_MI_2026100923",40,4000,0.579049479167,0.2282421875,0.0947938979589,0.96875
2026100924,0.0133333333333,1494,1547,1471,1488,0.598357161458,0.227778255208,0.0892063376801,0.9913625,"baseline","threshold","MI",6000,2000,100,20,13,18,94,1,"random","mean",250,"baseline_threshold_MI_2026100924",40,4000,0.597838541667,0.227161458333,0.0893499569962,0.99
2026100925,0.00966666666667,1523,1498,1513,1466,0.564720052083,0.257248697917,0.098620506898,0.9863625,"baseline","threshold","MI",6000,2000,100,20,13,18,94,1,"random","mean",250,"baseline_threshold_MI_2026100925",40,4000,0.565052083333,0.257864583333,0.0983692693438,0.9875
2026100926,0.00516666666667,1411,1568,1515,1506,0.52730703125,0.260078385417,0.106353747478,0.9448625,"baseline","threshold","MI",6000,2000,100,20,13,18,94,1,"random","mean",250,"baseline_threshold_MI_2026100926",40,4000,0.525846354167,0.260611979167,0.10653593187,0.94375
2026100927,0.00633333333333,1468,1582,1483,1467,0.231430208333,-0.231430208333,0.258483796499,0,"baseline","threshold","MI",6000,2000,100,20,13,18,94,1,"random","mean",250,"baseline_threshold_MI_2026100927",40,4000,0.231549479167,-0.231549479167,0.258395592247,0
2026100928,0.016,1522,1498,1483,1497,0.478335416667,0.271883333333,0.127561351451,0.9002625,"baseline","threshold","MI",6000,2000,100,20,13,18,94,1,"random","mean",250,"baseline_threshold_MI_2026100928",40,4000,0.478359375,0.276848958333,0.126524926214,0.90625
2026100929,0.006,1515,1524,1444,1517,0.485784244792,0.281497005208,0.11619842087,0.9207375,"baseline","threshold","MI",6000,2000,100,20,13,18,94,1,"random","mean",250,"baseline_threshold_MI_2026100929",40,4000,0.486067708333,0.281640625,0.116101342086,0.92125
2026100930,0.00833333333333,1524,1409,1551,1516,0.518770963542,0.251291536458,0.11171124621,0.924075,"baseline","threshold","MI",6000,2000,100,20,13,18,94,1,"random","mean",250,"baseline_threshold_MI_2026100930",40,4000,0.514088541667,0.255703125,0.112502731866,0.92375
2026100931,0.00866666666667,1517,1474,1498,1511,0.582712890625,0.249474609375,0.0891816230934,0.998625,"baseline","threshold","MI",6000,2000,100,20,13,18,94,1,"random","mean",250,"baseline_threshold_MI_2026100931",40,4000,0.583658854167,0.2486328125,0.0887887168288,0.99875
