"experiment","game","treatment","metric","mean_difference","paired_mc_se","n_seeds","n_matched","join_match_rate","join_row_inflation"
"resolution25","linear","FE","group_relative_contribution",0.00939490559893751,0.032712111855564,16,16,1,0
"resolution25","linear","FE","surplus",0.02066879231875,0.0719666460819735,16,16,1,0
"resolution25","linear","FE","gini",0.0018038333295625,0.00389414137147954,16,16,1,0
"resolution25","linear","AI","group_relative_contribution",-0.0529646240233125,0.0273917387756048,16,16,1,0
"resolution25","linear","AI","surplus",-0.129385595701875,0.0711953415247121,16,16,1,0
"resolution25","linear","AI","gini",0.0106400810418875,0.00562472976163713,16,16,1,0
"resolution25","linear","MI","group_relative_contribution",0.00780965169275,0.0237191634522821,16,16,1,0
"resolution25","linear","MI","surplus",0.00516814778631249,0.0420143163693812,16,16,1,0
"resolution25","linear","MI","gini",-0.000889311139568752,0.00506839237140995,16,16,1,0
"resolution25","threshold","FE","group_relative_contribution",-0.043892114257875,0.0278323224211658,16,16,1,0
"resolution25","threshold","FE","surplus",-0.0371319742838562,0.0337944016708952,16,16,1,0
"resolution25","threshold","FE","gini",0.03016968207567,0.00531320920690891,16,16,1,0
"resolution25","threshold","FE","success",-0.09722890625,0.0472527405884926,16,16,1,0
"resolution25","threshold","AI","group_relative_contribution",0.020531998698,0.041373809096377,16,16,1,0
"resolution25","threshold","AI","surplus",-0.0146374674477875,0.0628933377700904,16,16,1,0
"resolution25","threshold","AI","gini",0.0111860808271063,0.021459515883022,16,16,1,0
"resolution25","threshold","AI","success",0.00707343749999999,0.120513231448934,16,16,1,0
"resolution25","threshold","MI","group_relative_contribution",0.00225724283862499,0.0231543163302468,16,16,1,0
"resolution25","threshold","MI","surplus",-0.0992123209635831,0.0348131194157485,16,16,1,0
"resolution25","threshold","MI","gini",0.0379813010728,0.0130855478168748,16,16,1,0
"resolution25","threshold","MI","success",-0.11634609375,0.0541530575698643,16,16,1,0
"minimum_signal","linear","FE","group_relative_contribution",-0.0436114583334375,0.0155328152363022,16,16,1,0
"minimum_signal","linear","FE","surplus",-0.0959452083325,0.0341721935196707,16,16,1,0
"minimum_signal","linear","FE","gini",0.00728240379180625,0.00212383055332171,16,16,1,0
"minimum_signal","linear","AI","group_relative_contribution",-0.0813134195963125,0.0225945359785584,16,16,1,0
"minimum_signal","linear","AI","surplus",-0.20503205729125,0.0579855624141486,16,16,1,0
"minimum_signal","linear","AI","gini",0.0151518130098687,0.00424215388986835,16,16,1,0
"minimum_signal","linear","MI","group_relative_contribution",-0.0195740152994375,0.0115359979431829,16,16,1,0
"minimum_signal","linear","MI","surplus",-0.0436266373695625,0.0220340310550438,16,16,1,0
"minimum_signal","linear","MI","gini",0.00406137625136875,0.00271551225541461,16,16,1,0
"minimum_signal","threshold","FE","group_relative_contribution",-0.187422591145938,0.0482105180409617,16,16,1,0
"minimum_signal","threshold","FE","surplus",-0.0505702473957937,0.0536874874128693,16,16,1,0
"minimum_signal","threshold","FE","gini",-0.000397751890240625,0.00150363787875664,16,16,1,0
"minimum_signal","threshold","FE","success",-0.28559140625,0.106956751132946,16,16,1,0
"minimum_signal","threshold","AI","group_relative_contribution",-0.238476497395873,0.0573715230694703,16,16,1,0
"minimum_signal","threshold","AI","surplus",-0.128453190104122,0.0579786016365442,16,16,1,0
"minimum_signal","threshold","AI","gini",0.0694310234351938,0.0207286888847288,16,16,1,0
"minimum_signal","threshold","AI","success",-0.440315625,0.125708399143551,16,16,1,0
"minimum_signal","threshold","MI","group_relative_contribution",-0.227056380208313,0.0594655940973825,16,16,1,0
"minimum_signal","threshold","MI","surplus",-0.153650000000019,0.0594462688352011,16,16,1,0
"minimum_signal","threshold","MI","gini",0.0746562507880688,0.0215056044505986,16,16,1,0
"minimum_signal","threshold","MI","success",-0.45684765625,0.135530154543738,16,16,1,0
"initial_zero","linear","FE","group_relative_contribution",0.0229688720703125,0.00988936693642883,16,16,1,0
"initial_zero","linear","FE","surplus",0.050531518555,0.021756607260345,16,16,1,0
"initial_zero","linear","FE","gini",-0.0030062938870625,0.00128834440139373,16,16,1,0
"initial_zero","linear","AI","group_relative_contribution",-0.002075447591125,0.0174917131199608,16,16,1,0
"initial_zero","linear","AI","surplus",-0.00824269856750004,0.044900568716595,16,16,1,0
"initial_zero","linear","AI","gini",0.001322137185175,0.00309388444189929,16,16,1,0
"initial_zero","linear","MI","group_relative_contribution",0.0013025553385,0.0013025553385,16,16,1,0
"initial_zero","linear","MI","surplus",0.00241201822875001,0.00241201822875001,16,16,1,0
"initial_zero","linear","MI","gini",-0.00024912048720625,0.00024912048720625,16,16,1,0
"initial_zero","threshold","FE","group_relative_contribution",-0.589301057942708,0.0191905798765977,16,16,1,0
"initial_zero","threshold","FE","surplus",-0.227682666015604,0.0157127904817019,16,16,1,0
"initial_zero","threshold","FE","gini",-0.0083378771454937,0.000933197065322698,16,16,1,0
"initial_zero","threshold","FE","success",-0.98038046875,0.00813403743927187,16,16,1,0
"initial_zero","threshold","AI","group_relative_contribution",-0.476701497395854,0.0345924841593289,16,16,1,0
"initial_zero","threshold","AI","surplus",-0.137897460937434,0.0444457359033996,16,16,1,0
"initial_zero","threshold","AI","gini",0.112199341887881,0.0160333574566427,16,16,1,0
"initial_zero","threshold","AI","success",-0.73751875,0.091342574886956,16,16,1,0
"initial_zero","threshold","MI","group_relative_contribution",-0.516092805989563,0.0228911595205073,16,16,1,0
"initial_zero","threshold","MI","surplus",-0.238592089843794,0.0249524975169871,16,16,1,0
"initial_zero","threshold","MI","gini",0.138013811501938,0.00907698046140076,16,16,1,0
"initial_zero","threshold","MI","success",-0.905621875,0.0505561493552486,16,16,1,0
"initial_full","linear","FE","group_relative_contribution",0.08324186197925,0.0274504903069481,16,16,1,0
"initial_full","linear","FE","surplus",0.183132096355625,0.0603910786753403,16,16,1,0
"initial_full","linear","FE","gini",-0.00981561563138375,0.00343103924531703,16,16,1,0
"initial_full","linear","AI","group_relative_contribution",0.0336280598958125,0.0291186445301742,16,16,1,0
"initial_full","linear","AI","surplus",0.073156380208125,0.0701910707831449,16,16,1,0
"initial_full","linear","AI","gini",-0.004018470979905,0.00444225488336417,16,16,1,0
"initial_full","linear","MI","group_relative_contribution",0,0,16,16,1,0
"initial_full","linear","MI","surplus",0,0,16,16,1,0
"initial_full","linear","MI","gini",0,0,16,16,1,0
"initial_full","threshold","FE","group_relative_contribution",0.365153059895937,0.029930426038994,16,16,1,0
"initial_full","threshold","FE","surplus",-0.351215559895625,0.0264853643256243,16,16,1,0
"initial_full","threshold","FE","gini",-0.00464956173085487,0.00171397351737098,16,16,1,0
"initial_full","threshold","FE","success",0.016725,0.00851798166931286,16,16,1,0
"initial_full","threshold","AI","group_relative_contribution",0.154474430338437,0.044106189193166,16,16,1,0
"initial_full","threshold","AI","surplus",-0.1246899251301,0.0718392633240978,16,16,1,0
"initial_full","threshold","AI","gini",-0.0293576761096392,0.0182750553165555,16,16,1,0
"initial_full","threshold","AI","success",0.03574140625,0.101783033679225,16,16,1,0
"initial_full","threshold","MI","group_relative_contribution",0.148755175781375,0.04457474778645,16,16,1,0
"initial_full","threshold","MI","surplus",-0.106887988281313,0.0485158253038797,16,16,1,0
"initial_full","threshold","MI","gini",-0.0301561555139,0.0122626840249401,16,16,1,0
"initial_full","threshold","MI","success",0.050240625,0.0572601768213247,16,16,1,0
"longer","linear","FE","group_relative_contribution",0.0108125162760625,0.0252770789395943,16,16,1,0
"longer","linear","FE","surplus",0.023787535808125,0.0556095736671917,16,16,1,0
"longer","linear","FE","gini",-0.001268950013575,0.00333963427191301,16,16,1,0
"longer","linear","AI","group_relative_contribution",0.0463250244141875,0.0294722338805049,16,16,1,0
"longer","linear","AI","surplus",0.109947177735625,0.0747603689835398,16,16,1,0
"longer","linear","AI","gini",-0.0063254524772625,0.00537929849591213,16,16,1,0
"longer","linear","MI","group_relative_contribution",-0.00416656087243748,0.0140600960799931,16,16,1,0
"longer","linear","MI","surplus",-0.00528309895875002,0.0257233346562625,16,16,1,0
"longer","linear","MI","gini",0.00149680706141875,0.00337310258399574,16,16,1,0
"longer","threshold","FE","group_relative_contribution",-0.00829019368481251,0.00414178320903246,16,16,1,0
"longer","threshold","FE","surplus",0.0133722249350625,0.00537343917478495,16,16,1,0
"longer","threshold","FE","gini",-0.00363975543260312,0.000922715164431068,16,16,1,0
"longer","threshold","FE","success",0.0060984375,0.00429647518973281,16,16,1,0
"longer","threshold","AI","group_relative_contribution",0.00303002115876874,0.0211754431353515,16,16,1,0
"longer","threshold","AI","surplus",0.0370253173828812,0.0226967384584467,16,16,1,0
"longer","threshold","AI","gini",-0.0100152505803125,0.00738293867317706,16,16,1,0
"longer","threshold","AI","success",0.04806640625,0.0495249242900569,16,16,1,0
"longer","threshold","MI","group_relative_contribution",0.0177134765625,0.0225114792872126,16,16,1,0
"longer","threshold","MI","surplus",0.0318548828125188,0.0251565319458879,16,16,1,0
"longer","threshold","MI","gini",-0.0132729699252438,0.00943837507210434,16,16,1,0
"longer","threshold","MI","success",0.05948203125,0.0514165641371304,16,16,1,0
"no_fairness","linear","FE","group_relative_contribution",-0.04049206542975,0.0225538318827571,16,16,1,0
"no_fairness","linear","FE","surplus",-0.08908254394375,0.0496184301423712,16,16,1,0
"no_fairness","linear","FE","gini",0.0108879777054438,0.00274697626274892,16,16,1,0
"no_fairness","linear","AI","group_relative_contribution",-0.0572539306639375,0.0213641552861482,16,16,1,0
"no_fairness","linear","AI","surplus",-0.136556142576875,0.0560358919563862,16,16,1,0
"no_fairness","linear","AI","gini",0.0136704612996313,0.00385973045032148,16,16,1,0
"no_fairness","linear","MI","group_relative_contribution",-0.0136447428385625,0.0156853075697732,16,16,1,0
"no_fairness","linear","MI","surplus",-0.0266996647139375,0.0294216606062748,16,16,1,0
"no_fairness","linear","MI","gini",0.0061835136588375,0.00359716085581435,16,16,1,0
"no_fairness","threshold","FE","group_relative_contribution",-0.102206966145813,0.0183313186140702,16,16,1,0
"no_fairness","threshold","FE","surplus",-0.176266341145819,0.0162983391816251,16,16,1,0
"no_fairness","threshold","FE","gini",0.122784657268032,0.00142952615234503,16,16,1,0
"no_fairness","threshold","FE","success",-0.33416796875,0.00823095584205706,16,16,1,0
"no_fairness","threshold","AI","group_relative_contribution",-0.02068311360675,0.0349371577989057,16,16,1,0
"no_fairness","threshold","AI","surplus",-0.131792146809829,0.0448757216265173,16,16,1,0
"no_fairness","threshold","AI","gini",0.0817620430535688,0.0162864422823739,16,16,1,0
"no_fairness","threshold","AI","success",-0.1829703125,0.0921775113576932,16,16,1,0
"no_fairness","threshold","MI","group_relative_contribution",-0.0662332763671875,0.0228830391144921,16,16,1,0
"no_fairness","threshold","MI","surplus",-0.0851931559246062,0.0258631279642797,16,16,1,0
"no_fairness","threshold","MI","gini",0.0992234788379375,0.00978069249203878,16,16,1,0
"no_fairness","threshold","MI","success",-0.18171171875,0.0528071611634407,16,16,1,0
