"experiment","game","treatment","metric","simulation_mean","mc_se","mc_lower","mc_upper","n_seeds","seed_sd","seed_p10","seed_p90","snapshot_mean"
"baseline","linear","FE","group_relative_contribution",0.661860347493531,0.0149442899589669,0.631381267175371,0.692339427811691,32,0.0845376701600284,0.5927402213542,0.7760795442708,0.659168294270875
"baseline","linear","FE","surplus",1.45609276448531,0.0328774379097608,1.38903878778529,1.52314674118533,32,0.185982874352253,1.304028486979,1.7073749974,1.45017024739625
"baseline","linear","FE","gini",0.0390411398176156,0.0017823389256053,0.0354060356128079,0.0426762440224234,32,0.010082431525346,0.0219064129522,0.04771609063393,0.0394822870242
"baseline","linear","AI","group_relative_contribution",0.691249031575437,0.0130075327744881,0.664719993577427,0.717778069573448,32,0.0735817170507746,0.603323489583,0.800206354167,0.691131591796906
"baseline","linear","AI","surplus",1.74647801106687,0.0333207211620176,1.67851995221331,1.81443606992044,32,0.18849046310151,1.523016640622,2.028126026039,1.74613281250031
"baseline","linear","AI","gini",0.0453115677319062,0.00236204070147254,0.0404941539603174,0.0501289815034951,32,0.0133617199795989,0.02392870843396,0.06077358032148,0.0455009967041438
"baseline","linear","MI","group_relative_contribution",0.562607145182312,0.00763075090849064,0.547044126098344,0.578170164266281,32,0.0431660457035131,0.5224124869789,0.6240402213545,0.560713704427062
"baseline","linear","MI","surplus",1.07921883463572,0.0143769051951477,1.04989694317265,1.10854072609879,32,0.0813280572477203,1.001637473955,1.19172238542,1.07503548177062
"baseline","linear","MI","gini",0.0845355325463219,0.00181401018501934,0.0808358343820749,0.0882352307105689,32,0.0102615912237491,0.07241686629006,0.09354125886471,0.0845936956571906
"baseline","threshold","FE","group_relative_contribution",0.561080814615906,0.0157573139675953,0.528943560899906,0.593218068331907,32,0.0891368284781773,0.5015593750003,0.6599297395833,0.560956217447937
"baseline","threshold","FE","surplus",0.223646073404875,0.017381215595095,0.188196850483964,0.259095296325786,32,0.0983230033004562,0.1282753255208,0.302979947917,0.22367919921875
"baseline","threshold","FE","gini",0.0110802401839387,0.000933384380312849,0.00917659018963431,0.0129838901782432,32,0.00528001939818256,0.005244717908301,0.01685218838893,0.0110030193235341
"baseline","threshold","FE","success",0.941672265625,0.0315657889821324,0.877293414549829,1.00605111670017,32,0.178563067542155,0.91926,1,0.9415625
"baseline","threshold","AI","group_relative_contribution",0.495597505696625,0.0214182707677118,0.451914654467318,0.539280356925932,32,0.121160036009109,0.3176201041667,0.5867912760414,0.495855305989656
"baseline","threshold","AI","surplus",0.15932990315753,0.0278968001732318,0.10243400409279,0.21622580222227,32,0.157808132607186,-0.14512350260447,0.2917532161455,0.161436360677091
"baseline","threshold","AI","gini",0.131178158920388,0.00994184702178272,0.110901628237446,0.151454689603329,32,0.0562395795729748,0.08426282058836,0.2292818436877,0.130506585026328
"baseline","threshold","AI","success",0.785912890625,0.0566971562397024,0.670278278101689,0.901547503148311,32,0.320727549208694,0.19544875,1,0.78875
"baseline","threshold","MI","group_relative_contribution",0.493483211263062,0.0206345352011251,0.451398799260228,0.535567623265897,32,0.116726558138785,0.2772302343753,0.5823185026042,0.493273518880281
"baseline","threshold","MI","surplus",0.209041202799491,0.0275179107511015,0.152918053805883,0.265164351793098,32,0.155664810369521,-0.0545292838541701,0.3183956380208,0.209493408203134
"baseline","threshold","MI","gini",0.123951704007006,0.00929674834384604,0.104990860751969,0.142912547262044,32,0.0525903503753467,0.08940910118969,0.2236904769233,0.123892143544281
"baseline","threshold","MI","success",0.843029296875,0.0548333527894105,0.731195936549999,0.954862657200001,32,0.310184284740692,0.24305125,0.99461875,0.8433203125
"resolution25","linear","FE","group_relative_contribution",0.64519169108075,0.0264989075020247,0.588710606727729,0.701672775433771,16,0.105995630008099,0.5383662109375,0.79609375,0.647260742187437
"resolution25","linear","FE","surplus",1.41942172037812,0.0582975965042556,1.2951633348019,1.54368010595435,16,0.233190386017022,1.184405664065,1.75140625,1.42397363281188
"resolution25","linear","FE","gini",0.0433260975181562,0.00343011039667401,0.0360149902719456,0.0506372047643669,16,0.0137204415866961,0.02150201738835,0.0571482985936,0.0428159184160125
"resolution25","linear","AI","group_relative_contribution",0.648866861979188,0.0179781481347699,0.610547346307326,0.687186377651049,16,0.0719125925390798,0.5811541015625,0.7413432942705,0.653234049479188
"resolution25","linear","AI","surplus",1.6445762858075,0.0479908631138833,1.54228618243239,1.74686638918261,16,0.191963452455533,1.464500390625,1.893614348955,1.65623600260437
"resolution25","linear","AI","gini",0.0535064356533188,0.00378786308703629,0.0454327965978126,0.0615800747088249,16,0.0151514523481452,0.0295852549212,0.067545440444,0.05249390730385
"resolution25","linear","MI","group_relative_contribution",0.565166080729188,0.0280965200757112,0.505279765782002,0.625052395676373,16,0.112386080302845,0.5070958984375,0.7110307291665,0.568590494791563
"resolution25","linear","MI","surplus",1.07479113932275,0.0498093317545759,0.968625061789823,1.18095721685568,16,0.199237327018304,0.96953046875,1.34346127604,1.08186588541637
"resolution25","linear","MI","gini",0.084990136039775,0.00605860776005885,0.0720765192828726,0.0979037527966774,16,0.0242344310402354,0.0556442381865,0.09738577924405,0.0843388378797
"resolution25","threshold","FE","group_relative_contribution",0.547173388671813,0.0152467912096579,0.514675622476742,0.579671154866883,16,0.0609871648386315,0.49938671875,0.613864453125,0.547704264322875
"resolution25","threshold","FE","surplus",0.188786246744769,0.0349108273387296,0.114375579678518,0.26319691381102,16,0.139643309354918,0.08648704427065,0.2934818359375,0.189405110677019
"resolution25","threshold","FE","gini",0.0396314814591375,0.00496308805276689,0.0290529096844944,0.0502100532337806,16,0.0198523522110676,0.01713761196315,0.0639482829219,0.0393787206155062
"resolution25","threshold","FE","success",0.8831515625,0.0442970032681123,0.788734735014522,0.977568389985478,16,0.177188013072449,0.79016875,0.989625,0.88453125
"resolution25","threshold","AI","group_relative_contribution",0.499086848958438,0.0234269394006435,0.44915350961908,0.549020188297796,16,0.093707757602574,0.3961228515625,0.5959759765625,0.499231770833312
"resolution25","threshold","AI","surplus",0.121406640625062,0.0363645245029161,0.0438974913988246,0.1989157898513,16,0.145458098011665,-0.11291451822915,0.2409403645835,0.122447916666794
"resolution25","threshold","AI","gini",0.149489997554662,0.0140257032432279,0.119594918750728,0.179385076358597,16,0.0561028129729117,0.09977784865845,0.230500998624,0.148935124497063
"resolution25","threshold","AI","success",0.7445921875,0.0670382325702231,0.601703577153067,0.887480797846933,16,0.268152930280892,0.33985,0.93864375,0.746015625
"resolution25","threshold","MI","group_relative_contribution",0.519939038086,0.0172412492364703,0.483190185236043,0.556687890935957,16,0.0689649969458811,0.445363997396,0.5936541015625,0.52071940104175
"resolution25","threshold","MI","surplus",0.137790779622398,0.031530742711199,0.0705845923994508,0.204996966845345,16,0.126122970844796,0.012474544270835,0.277964388021,0.138460286458352
"resolution25","threshold","MI","gini",0.150601408670925,0.0123236558846572,0.124334157935937,0.176868659405913,16,0.0492946235386288,0.09932746375035,0.209578616951,0.149991000991487
"resolution25","threshold","MI","success",0.78927578125,0.0515887232240884,0.679317020578008,0.899234541921992,16,0.206354892896354,0.54940625,0.98875,0.791015625
"minimum_signal","linear","FE","group_relative_contribution",0.592185327148375,0.00629760986514507,0.578762289463199,0.605608364833551,16,0.0251904394605803,0.56006640625,0.6251396484375,0.586916503906188
"minimum_signal","linear","FE","surplus",1.30280771972688,0.0138547417035136,1.27327703681907,1.33233840263468,16,0.0554189668140546,1.23214609375,1.37530722656,1.29121630859312
"minimum_signal","linear","FE","gini",0.0488046679804,0.00088897054893465,0.0469098721078572,0.0506994638529428,16,0.0035558821957386,0.04475195339395,0.05352657494285,0.04930179733775
"minimum_signal","linear","AI","group_relative_contribution",0.620518066406187,0.00547549436828336,0.608847326423195,0.63218880638918,16,0.0219019774731334,0.59709609375,0.6466947916665,0.625088704427188
"minimum_signal","linear","AI","surplus",1.56892982421813,0.0132477234237998,1.54069297014677,1.59716667828948,16,0.052990893695199,1.51018393229,1.625444348955,1.58094075520938
"minimum_signal","linear","AI","gini",0.0580181676213,0.00116506516605457,0.0555348900025655,0.0605014452400345,16,0.00466026066421827,0.0539732938301,0.06292018493085,0.0575176104048375
"minimum_signal","linear","MI","group_relative_contribution",0.537782413737,0.00333524024883644,0.530673517424285,0.544891310049715,16,0.0133409609953458,0.5254606119795,0.558927734375,0.539466959635437
"minimum_signal","linear","MI","surplus",1.02599635416688,0.00629869293760426,1.0125710079674,1.03942170036635,16,0.025194771750417,1.0030354166685,1.064941822915,1.02860026041706
"minimum_signal","linear","MI","gini",0.0899408234307125,0.000822758598285671,0.0881871549902911,0.0916944918711339,16,0.00329103439314268,0.08539076975845,0.09392089714305,0.0892575543756687
"minimum_signal","threshold","FE","group_relative_contribution",0.40364291178375,0.0475284335604397,0.302338453670183,0.504947369897317,16,0.190113734241759,0.08196178385415,0.547741471354,0.402853190104063
"minimum_signal","threshold","FE","surplus",0.175347973632831,0.0493266326435296,0.0702107449007861,0.280485202364876,16,0.197306530574118,-0.107605143229,0.326943424479,0.174816080729125
"minimum_signal","threshold","FE","gini",0.00906404749322687,0.00137229454253199,0.00613907091417292,0.0119890240722808,16,0.00548917817012794,0.002992149002805,0.0142268705632,0.00893933061212313
"minimum_signal","threshold","FE","success",0.6947890625,0.111634006331534,0.456846810435635,0.932731314564365,16,0.446536025326135,0.00999375,1,0.693203125
"minimum_signal","threshold","AI","group_relative_contribution",0.240078352864564,0.0532556800650638,0.126566557791407,0.353590147937721,16,0.213022720260255,0.0197337890625,0.5477314453125,0.239990234374996
"minimum_signal","threshold","AI","surplus",0.0075909179687275,0.0410748262595557,-0.0799580017961491,0.0951398377336041,16,0.164299305038223,-0.156585091146,0.272186263021,0.009619140625025
"minimum_signal","threshold","AI","gini",0.20773494016275,0.0169897485049751,0.171522148432646,0.243947731892854,16,0.0679589940199004,0.0963317080681,0.255720766689,0.2074708418035
"minimum_signal","threshold","AI","success",0.297203125,0.105317883637739,0.0727233697810244,0.521682880218976,16,0.421271534550955,0.00260625,0.98313125,0.29953125
"minimum_signal","threshold","MI","group_relative_contribution",0.290625415039062,0.049980188486034,0.184095165003513,0.397155665074611,16,0.199920753944136,0.0478046223958,0.5081060546875,0.290130208333312
"minimum_signal","threshold","MI","surplus",0.0833531005859625,0.0505145305305965,-0.0243160725576428,0.191022273729568,16,0.202058122122386,-0.1108942708335,0.3238489583335,0.0827213541667144
"minimum_signal","threshold","MI","gini",0.187276358386194,0.0177640948699729,0.149413086448309,0.225139630324078,16,0.0710563794798915,0.09836488921965,0.2544072146975,0.187520479658975
"minimum_signal","threshold","MI","success",0.44877421875,0.114646517328291,0.204410951490603,0.693137486009397,16,0.458586069313165,0,0.99909375,0.447421875
"initial_zero","linear","FE","group_relative_contribution",0.658765657552125,0.0183579447150317,0.619636624631859,0.697894690472391,16,0.0734317788601268,0.5933520833335,0.7479591145835,0.655126139322938
"initial_zero","linear","FE","surplus",1.44928444661438,0.0403874783732842,1.36320057418933,1.53536831903942,16,0.161549913493137,1.305374583335,1.645510052085,1.44127750651062
"initial_zero","linear","FE","gini",0.0385159703015312,0.00235652596277635,0.0334931541090718,0.0435387864939907,16,0.00942610385110542,0.0247544894408,0.047404066008,0.0387943665802375
"initial_zero","linear","AI","group_relative_contribution",0.699756038411375,0.0207599301277745,0.655507294774678,0.744004782048073,16,0.0830397205110978,0.6082873697915,0.7981615234375,0.700809733072937
"initial_zero","linear","AI","surplus",1.76571918294188,0.0517196311318291,1.65548139866942,1.87595696721433,16,0.206878524527316,1.53140924479,2.000258671875,1.76816178385438
"initial_zero","linear","AI","gini",0.0441884917966062,0.00336336085614445,0.0370196578282236,0.0513573257649889,16,0.0134534434245778,0.0278477126934,0.0607625766301,0.044207459168775
"initial_zero","linear","MI","group_relative_contribution",0.558658984374937,0.0111394797864421,0.534915745246353,0.582402223503522,16,0.0445579191457684,0.514658203125,0.611014713542,0.557935384114562
"initial_zero","linear","MI","surplus",1.07203500976519,0.0210251677622762,1.02722092549297,1.11684909403741,16,0.084100671049105,0.988851875,1.170807838545,1.07009700520831
"initial_zero","linear","MI","gini",0.0856303266921375,0.00269487019553905,0.0798863468385132,0.0913743065457618,16,0.0107794807821562,0.07365073280585,0.09595295790835,0.0851821532930188
"initial_zero","threshold","FE","group_relative_contribution",0.00176444498697939,0.00040575797595574,0.000899592333521277,0.00262929764043751,16,0.00162303190382296,0.0008046875,0.00258782552083,0.00177083333333333
"initial_zero","threshold","FE","surplus",-0.00176444498697939,0.00040575797595574,-0.00262929764043751,-0.000899592333521277,16,0.00162303190382296,-0.00258782552083,-0.0008046875,-0.00177083333333333
"initial_zero","threshold","FE","gini",0.0011239222379738,0.000262249417768468,0.000564950835647882,0.00168289364029972,16,0.00104899767107387,0.000486308034263,0.00178316657804,0.00112620641821928
"initial_zero","threshold","FE","success",0,0,0,0,16,0,0,0,0
"initial_zero","threshold","AI","group_relative_contribution",0.00185335286458394,0.000569290538655362,0.000639938804675487,0.00306676692449239,16,0.00227716215462145,0.000475325520833,0.00370494791667,0.001859537760417
"initial_zero","threshold","AI","surplus",-0.00185335286458394,0.000569290538655362,-0.00306676692449239,-0.000639938804675487,16,0.00227716215462145,-0.00370494791667,-0.000475325520833,-0.001859537760417
"initial_zero","threshold","AI","gini",0.250503258615437,0.000157328391023553,0.250167921087887,0.250838596142988,16,0.000629313564094211,0.24989600049,0.2514390607655,0.250484584171375
"initial_zero","threshold","AI","success",0,0,0,0,16,0,0,0,0
"initial_zero","threshold","MI","group_relative_contribution",0.00158898925781231,0.000306538518623588,0.000935617871595498,0.00224236064402913,16,0.00122615407449435,0.000306640625,0.002676692708335,0.00158854166666731
"initial_zero","threshold","MI","surplus",-0.00158898925781231,0.000306538518623588,-0.00224236064402913,-0.000935617871595498,16,0.00122615407449435,-0.002676692708335,-0.000306640625,-0.00158854166666731
"initial_zero","threshold","MI","gini",0.250633919100062,0.000214541201463516,0.250176635353699,0.251091202846426,16,0.000858164805854065,0.250036343785,0.2515242656225,0.250631804535875
"initial_zero","threshold","MI","success",0,0,0,0,16,0,0,0,0
"initial_full","linear","FE","group_relative_contribution",0.719038647461062,0.0252704114630271,0.665176040432085,0.77290125449004,16,0.101081645852109,0.6244694010415,0.8441015625,0.716896158854125
"initial_full","linear","FE","surplus",1.581885024415,0.0555949052186211,1.46338728895133,1.70038275987867,16,0.222379620874484,1.37383268229,1.8570234375,1.57717154947875
"initial_full","linear","FE","gini",0.03170664855721,0.00314340426448326,0.0250066409661665,0.0384066561482535,16,0.0125736170579331,0.013308818890955,0.04450973325575,0.0317477222406213
"initial_full","linear","AI","group_relative_contribution",0.735459545898313,0.0318277153003715,0.66762037658513,0.803298715211495,16,0.127310861201486,0.594414518229,0.9185986979165,0.736853027343875
"initial_full","linear","AI","surplus",1.8471182617175,0.0780413599066155,1.68077704060968,2.01345948282532,16,0.312165439626462,1.50150971354,2.287604322915,1.85184667968875
"initial_full","linear","AI","gini",0.0388478836315262,0.00510857827431426,0.0279592067902826,0.0497365604727699,16,0.020434313097257,0.012782272724,0.06408848325865,0.0384044180659919
"initial_full","linear","MI","group_relative_contribution",0.557356429036437,0.0113246346182524,0.533218541725733,0.581494316347142,16,0.0452985384730097,0.514658203125,0.611014713542,0.555322265625
"initial_full","linear","MI","surplus",1.06962299153644,0.0213803556535246,1.02405184219483,1.11519414087805,16,0.0855214226140983,0.988851875,1.170807838545,1.06553710937519
"initial_full","linear","MI","gini",0.0858794471793437,0.00272978463953104,0.0800610489499392,0.0916978454087482,16,0.0109191385581242,0.07365073280585,0.09595295790835,0.0858263670312625
"initial_full","threshold","FE","group_relative_contribution",0.956218562825625,0.0298346046905578,0.89262760821598,1.01980951743527,16,0.119338418762231,0.9338744140625,0.9984206380205,0.956151529947938
"initial_full","threshold","FE","surplus",-0.125297338867,0.0274732548837271,-0.183855195503968,-0.0667394822300321,16,0.109893019534908,-0.1650873046875,-0.100541080729,-0.1251619466145
"initial_full","threshold","FE","gini",0.00481223765261262,0.00120750627508834,0.002238498951315,0.00738597635391025,16,0.00483002510035337,0.000949746479142,0.01163409986265,0.00478556599570469
"initial_full","threshold","FE","success",0.99710546875,0.00289453125,0.990935921432579,1.00327501606742,16,0.011578125,1,1,0.9971875
"initial_full","threshold","AI","group_relative_contribution",0.633029280598875,0.051731816903353,0.522765522969242,0.743293038228508,16,0.206927267613412,0.4498542317705,0.9495866536455,0.628387044270812
"initial_full","threshold","AI","surplus",0.01135418294275,0.0462874586319407,-0.087305199723417,0.110013565608917,16,0.185149834527763,-0.172712044271,0.260341341146,0.0122379557292067
"initial_full","threshold","AI","gini",0.108946240617917,0.0160510439532264,0.0747342502780526,0.143158230957781,16,0.0642041758129057,0.020527498280835,0.1757007096695,0.11069971411209
"initial_full","threshold","AI","success",0.77326015625,0.0653418776355645,0.633987240857654,0.912533071642346,16,0.261367510542258,0.50351875,0.99376875,0.76875
"initial_full","threshold","MI","group_relative_contribution",0.66643697102875,0.0384350901715167,0.584514515549122,0.748359426508378,16,0.153740360686067,0.499804947917,0.880927278646,0.664334309895813
"initial_full","threshold","MI","surplus",0.130115112304669,0.0366781176303323,0.051937555149509,0.208292669459828,16,0.146712470521329,-0.07308404947915,0.297292903646,0.132084960937525
"initial_full","threshold","MI","gini",0.082463952084225,0.0092872703628096,0.0626686038899237,0.102259300278526,16,0.0371490814512384,0.0380073932746,0.112607853582,0.0830332005347938
"initial_full","threshold","MI","success",0.9558625,0.0240015536877737,0.904704399299466,1.00702060070053,16,0.0960062147510948,0.9250625,0.999575,0.955703125
"longer","linear","FE","group_relative_contribution",0.646609301757875,0.016907693153641,0.610571406869083,0.682647196646667,16,0.067630772614564,0.6051993489585,0.69948359375,0.644324544270813
"longer","linear","FE","surplus",1.4225404638675,0.0371969249380869,1.34325709511199,1.50182383262301,16,0.148787699752348,1.33143856771,1.53886390625,1.41751399739563
"longer","linear","FE","gini",0.0402533141750187,0.0023772182448987,0.035186393427233,0.0453202349228045,16,0.0095088729795948,0.0298400272485,0.0472255405187,0.0404154600756938
"longer","linear","AI","group_relative_contribution",0.748156510416688,0.0206211162665923,0.704203641521324,0.792109379312051,16,0.082484465066369,0.642759635417,0.8550087890625,0.747242024739625
"longer","linear","AI","surplus",1.883909059245,0.0521591818909703,1.77273439470672,1.99508372378328,16,0.208636727563881,1.62717838542,2.147659140625,1.88150911458375
"longer","linear","AI","gini",0.0365409021341688,0.00326039535715564,0.0295915339318142,0.0434902703365233,16,0.0130415814286226,0.02076011092395,0.05191584621395,0.0367123405177875
"longer","linear","MI","group_relative_contribution",0.553189868164,0.00960868824019457,0.532709433981012,0.573670302346988,16,0.0384347529607783,0.5241457682295,0.6166647135415,0.555263671875
"longer","linear","MI","surplus",1.06433989257769,0.0183575045363821,1.025211797876,1.10346798727937,16,0.0734300181455286,1.00588697917,1.18053294271,1.06841308593694
"longer","linear","MI","gini",0.0873762542407625,0.00194537090992694,0.0832297942988535,0.0915227141826715,16,0.00778148363970776,0.07588020288655,0.09315648711295,0.0870422778623438
"longer","threshold","FE","group_relative_contribution",0.582775309244875,0.0194318545755794,0.541357291640373,0.624193326849377,16,0.0777274183023177,0.499861393229,0.709152408854,0.582722981770875
"longer","threshold","FE","surplus",0.239290445963688,0.0167974096148413,0.203487614873553,0.275093277053822,16,0.067189638459365,0.124180924479,0.30728359375,0.239477539062625
"longer","threshold","FE","gini",0.00582204395086437,0.000675719400964393,0.0043817821407529,0.00726230576097585,16,0.00270287760385757,0.00217328608589,0.008796656191755,0.00578083290159438
"longer","threshold","FE","success",0.98647890625,0.00532688624636435,0.975124916980938,0.997832895519062,16,0.0213075449854574,0.958075,1,0.986640625
"longer","threshold","AI","group_relative_contribution",0.481584871419206,0.0421603961826166,0.391722114135148,0.571447628703264,16,0.168641584730466,0.2024635416665,0.618333984375,0.481501464843813
"longer","threshold","AI","surplus",0.173069425455731,0.0436354021691823,0.0800627673319097,0.266076083579553,16,0.174541608676729,-0.11476894531265,0.3157556640625,0.173120930989625
"longer","threshold","AI","gini",0.128288666147244,0.0162942024972043,0.0935583956393187,0.163018936655169,16,0.0651768099888171,0.08980457363905,0.254041404802,0.128312164523144
"longer","threshold","AI","success",0.78558515625,0.0976081335143205,0.577538344427964,0.993631968072036,16,0.390432534057282,0.00340625,1,0.785546875
"longer","threshold","MI","group_relative_contribution",0.535395271809875,0.0126656225727735,0.508399136332905,0.562391407286845,16,0.0506624902910939,0.498681640625,0.607517122396,0.53531982421875
"longer","threshold","MI","surplus",0.2688579833985,0.0127702642871469,0.241638809386983,0.296077157410017,16,0.0510810571485876,0.206413151042,0.3144567708335,0.268911946614563
"longer","threshold","MI","gini",0.0993471376728813,0.00224741127204592,0.0945568939383931,0.104137381407369,16,0.00898964508818368,0.08983502760835,0.10834233812,0.0993682786622875
"longer","threshold","MI","success",0.96510390625,0.00682893990357989,0.95054836539586,0.97965944710414,16,0.0273157596143196,0.9367125,0.99784375,0.965078125
"no_fairness","linear","FE","group_relative_contribution",0.595304720052062,0.0115859840368725,0.570609779641808,0.619999660462317,16,0.0463439361474899,0.5530888671875,0.6248954427085,0.594976399739563
"no_fairness","linear","FE","surplus",1.30967038411562,0.0254891648810791,1.25534151521315,1.3639992530181,16,0.101956659524317,1.21679550781,1.37476997396,1.30894807942688
"no_fairness","linear","FE","gini",0.0524102418940375,0.00145042301741906,0.0493187384126902,0.0555017453753848,16,0.00580169206967626,0.04552081511495,0.0578533024861,0.052581932909425
"no_fairness","linear","AI","group_relative_contribution",0.644577555338563,0.0147949174425344,0.613042935279078,0.676112175398047,16,0.0591796697701377,0.5933493489585,0.713115690104,0.641998697916688
"no_fairness","linear","AI","surplus",1.6374057389325,0.0389070275777332,1.55447737268286,1.72033410518214,16,0.155628110310933,1.50578294271,1.808123385415,1.63169303385438
"no_fairness","linear","AI","gini",0.0565368159110625,0.00258204850007614,0.0510333098089619,0.0620403220131631,16,0.0103281940003046,0.04409976096885,0.06558713244185,0.0566851028011375
"no_fairness","linear","MI","group_relative_contribution",0.543711686197875,0.0110196102374503,0.520223942965016,0.567199429430734,16,0.0440784409498012,0.513626106771,0.5716998697915,0.54376708984375
"no_fairness","linear","MI","surplus",1.0429233268225,0.0204313175908902,0.99937500422821,1.08647164941679,16,0.0817252703635608,0.98253078125,1.10386049479,1.04181542968787
"no_fairness","linear","MI","gini",0.0920629608381812,0.00238901948002546,0.0869708863531475,0.097155035323215,16,0.00955607792010183,0.0864237708216,0.0979842710079,0.091664333565725
"no_fairness","threshold","FE","group_relative_contribution",0.488858536783875,0.00197914387465806,0.484640091471638,0.493076982096112,16,0.00791657549863225,0.4794684895835,0.498375325521,0.486883951823
"no_fairness","threshold","FE","surplus",0.0496518798828062,0.00642028170664706,0.0359673733568076,0.0633363864088049,16,0.0256811268265882,0.0206517578125,0.07841373697915,0.0491837565104044
"no_fairness","threshold","FE","gini",0.1322464566515,0.00146838169835211,0.129116675147839,0.135376238155161,16,0.00587352679340843,0.125804143323,0.138637075852,0.1333591801865
"no_fairness","threshold","FE","success",0.6462125,0.0093123042485019,0.626363793341416,0.666061206658584,16,0.0372492169940076,0.6061375,0.6924875,0.64328125
"no_fairness","threshold","AI","group_relative_contribution",0.457871736653687,0.00178846654380546,0.454059710451644,0.46168376285573,16,0.00715386617522185,0.4490028645835,0.466230013021,0.460865885416625
"no_fairness","threshold","AI","surplus",0.00425196126302062,0.00429528308307316,-0.00490321791244625,0.0134071404384875,16,0.0171811323322926,-0.0160005859375,0.02651126302085,0.00436848958333125
"no_fairness","threshold","AI","gini",0.220065959781125,0.00201959518323114,0.215761294545612,0.224370625016638,16,0.00807838073292455,0.21017266716,0.2295620469545,0.21985877807675
"no_fairness","threshold","AI","success",0.5545484375,0.00591258532300575,0.541946060200196,0.567150814799804,16,0.023650341292023,0.52746875,0.57756875,0.55828125
"no_fairness","threshold","MI","group_relative_contribution",0.451448518880187,0.00287205591973395,0.445326876595248,0.457570161165127,16,0.0114882236789358,0.438852799479,0.4646789713545,0.456133626302
"no_fairness","threshold","MI","surplus",0.151809944661375,0.00862179307310256,0.1334330277338,0.17018686158895,16,0.0344871722924102,0.1210877604165,0.1931077473955,0.153697102864687
"no_fairness","threshold","MI","gini",0.211843586436062,0.00175931558208353,0.208093694038134,0.215593478833991,16,0.00703726232833412,0.203082848563,0.2197274595305,0.208721965443687
"no_fairness","threshold","MI","success",0.72391015625,0.00970214573149916,0.703230522139641,0.744589790360359,16,0.0388085829259966,0.68450625,0.77008125,0.731796875
